-- phpMyAdmin SQL Dump
-- version 5.1.1
-- https://www.phpmyadmin.net/
--
-- Host: 127.0.0.1
-- Generation Time: Sep 21, 2023 at 03:49 PM
-- Server version: 10.4.22-MariaDB
-- PHP Version: 8.1.2

SET SQL_MODE = "NO_AUTO_VALUE_ON_ZERO";
START TRANSACTION;
SET time_zone = "+00:00";


/*!40101 SET @OLD_CHARACTER_SET_CLIENT=@@CHARACTER_SET_CLIENT */;
/*!40101 SET @OLD_CHARACTER_SET_RESULTS=@@CHARACTER_SET_RESULTS */;
/*!40101 SET @OLD_COLLATION_CONNECTION=@@COLLATION_CONNECTION */;
/*!40101 SET NAMES utf8mb4 */;

--
-- Database: `shop-v1-gym`
--

-- --------------------------------------------------------

--
-- Table structure for table `authority`
--

CREATE TABLE `authority` (
  `id` int(11) NOT NULL,
  `user_id` int(11) NOT NULL,
  `role_id` int(11) NOT NULL
) ENGINE=InnoDB DEFAULT CHARSET=utf8mb4;

--
-- Dumping data for table `authority`
--

INSERT INTO `authority` (`id`, `user_id`, `role_id`) VALUES
(4, 3, 3),
(19, 4, 3),
(22, 5, 3),
(23, 7, 3),
(26, 10, 2),
(27, 8, 1),
(33, 3, 1),
(35, 10, 1),
(38, 1, 2),
(41, 1, 1),
(42, 11, 3),
(43, 12, 3),
(44, 13, 3),
(45, 3, 1),
(46, 7, 2),
(47, 3, 1),
(48, 8, 2),
(49, 7, 1),
(50, 14, 3),
(51, 15, 3),
(52, 16, 3),
(53, 22, 3),
(54, 23, 3),
(55, 24, 3),
(56, 51, 3),
(57, 52, 3),
(58, 53, 3),
(59, 54, 3),
(60, 55, 3),
(61, 56, 3),
(62, 57, 3),
(63, 58, 3),
(64, 59, 3),
(65, 9, 3),
(66, 60, 3),
(67, 61, 3),
(68, 62, 3),
(69, 63, 3),
(70, 64, 3),
(71, 65, 3),
(72, 66, 3);

-- --------------------------------------------------------

--
-- Table structure for table `category`
--

CREATE TABLE `category` (
  `id` int(11) NOT NULL,
  `name` varchar(255) NOT NULL,
  `description` varchar(255) NOT NULL,
  `status` int(11) NOT NULL
) ENGINE=InnoDB DEFAULT CHARSET=utf8mb4;

--
-- Dumping data for table `category`
--

INSERT INTO `category` (`id`, `name`, `description`, `status`) VALUES
(1, 'Băng tay tập gym', 'Chất liệu mềm dẻo, thoải mái.', 0),
(2, 'Túi phụ kiện', 'Chất lượng thoải mái, mát mẻ.', 1),
(3, 'Dây tập gym', 'Bền đẹp', 1),
(4, 'Áo tập gym', 'Chất liệu cao cấp', 1),
(5, 'Găng tay tập gym', 'Xinh xắn', 1),
(6, 'Giày tập gym', 'Giày tập gym tiêu chuẩn đủ mọi kích cỡ', 1),
(7, 'Set quần áo tập gym', 'Bộ đồ tập gym set thoải mái, chất liệu đẹp', 1),
(9, 'Quần tập gym', 'Chất liệu bền đẹp thoải mái khi mặc', 1),
(11, 'Postgresq', 'ok', 1),
(12, 'Quần short nam QSNTK302', 'ok', 0);

-- --------------------------------------------------------

--
-- Table structure for table `color`
--

CREATE TABLE `color` (
  `id` int(11) NOT NULL,
  `name` varchar(255) NOT NULL,
  `descriptions` varchar(255) NOT NULL,
  `status` int(11) NOT NULL
) ENGINE=InnoDB DEFAULT CHARSET=utf8mb4;

--
-- Dumping data for table `color`
--

INSERT INTO `color` (`id`, `name`, `descriptions`, `status`) VALUES
(1, 'Xanh ngọc', '#7ed6df', 1),
(2, 'Hồng', '#ff7979', 1),
(3, 'Đen xám', '#57606f', 1),
(4, 'Xanh dương', '#1e90ff', 1),
(5, 'Xanh lá cây', '#2ed573', 1),
(6, 'Cam', '#ffa502', 0),
(7, 'Xám', '#f1f2f6', 0),
(8, 'Tím nhẹ', '#a55eea', 0),
(9, 'Vàng', '#fff200', 0),
(10, 'Đỏ', '#ff3838', 0),
(11, 'Đen', '#000000', 0),
(12, 'ok', 'ok', 0);

-- --------------------------------------------------------

--
-- Table structure for table `contact`
--

CREATE TABLE `contact` (
  `id` int(11) NOT NULL,
  `name` varchar(255) NOT NULL,
  `email` varchar(255) NOT NULL,
  `address` varchar(255) NOT NULL,
  `title` varchar(255) NOT NULL,
  `status` int(11) NOT NULL,
  `content` varchar(255) NOT NULL,
  `phone` varchar(20) NOT NULL
) ENGINE=InnoDB DEFAULT CHARSET=utf8mb4;

--
-- Dumping data for table `contact`
--

INSERT INTO `contact` (`id`, `name`, `email`, `address`, `title`, `status`, `content`, `phone`) VALUES
(1, 'Nguyễn Văn Nam', 'namg@gmail.com', 'Hà Nội', 'Cộng tác bán hàng', 0, 'Liên hệ trao đổi hợp tác', '032456859'),
(2, 'Kim Nam', 'namkim@gmail.com', 'Sơn Tây, Hà Nội', 'Liên kết quảng cáo', 1, 'Liên kết quảng bá sản phẩm', '0237547555'),
(3, 'abc', 'ac@gmail.com', 'mn', 'abc', 1, 'mn', '11111'),
(4, 'check', 'check@gmail.com', '', 'check', 0, 'check', '123456789'),
(5, 'check', 'check@gmail.com', '', 'check', 0, '', '123456789'),
(6, 'check', 'check@gmail.com', '', 'check', 0, '', '123456789'),
(7, 'abc', 'abc@gmail.com', 'oke', 'abc', 0, 'oke', '123456789'),
(8, 'abc', 'abc@gmail.com', 'oke', 'abc', 0, 'oke', '123456789'),
(9, 'abc', 'abc@gmail.com', 'oke', 'abc', 0, 'oke', '123456789'),
(10, 'oke', 'ok@gmail.com', 'checkk', 'okeok', 0, 'oke', '123456789'),
(11, 'chekc2', 'chekc2@gmail.com', 'chekc2', 'chekc2', 0, 'chekc2', '123456789');

-- --------------------------------------------------------

--
-- Table structure for table `favourite`
--

CREATE TABLE `favourite` (
  `id` int(11) NOT NULL,
  `user_id` int(11) NOT NULL,
  `product_id` int(11) NOT NULL
) ENGINE=InnoDB DEFAULT CHARSET=utf8mb4;

--
-- Dumping data for table `favourite`
--

INSERT INTO `favourite` (`id`, `user_id`, `product_id`) VALUES
(2, 3, 3),
(11, 2, 1),
(12, 2, 3),
(15, 3, 6),
(16, 3, 17),
(17, 3, 18),
(18, 3, 5),
(19, 5, 1),
(20, 5, 3),
(24, 1, 2),
(25, 12, 1),
(26, 12, 2),
(27, 12, 3),
(28, 12, 5),
(29, 12, 15),
(30, 12, 16),
(31, 12, 12);

-- --------------------------------------------------------

--
-- Table structure for table `feedback`
--

CREATE TABLE `feedback` (
  `id` int(11) NOT NULL,
  `user_id` int(11) NOT NULL,
  `content` varchar(255) NOT NULL,
  `date` datetime NOT NULL,
  `status` int(11) NOT NULL,
  `product_id` int(11) NOT NULL,
  `rate` int(11) NOT NULL,
  `quality` varchar(255) NOT NULL
) ENGINE=InnoDB DEFAULT CHARSET=utf8mb4;

--
-- Dumping data for table `feedback`
--

INSERT INTO `feedback` (`id`, `user_id`, `content`, `date`, `status`, `product_id`, `rate`, `quality`) VALUES
(4, 1, 'Sản phẩm chất lượng, đúng mô tả.', '2023-02-21 23:14:11', 0, 12, 4, 'Tốt');

-- --------------------------------------------------------

--
-- Table structure for table `orders`
--

CREATE TABLE `orders` (
  `id` int(11) NOT NULL,
  `user_id` int(11) NOT NULL,
  `address` varchar(255) NOT NULL,
  `date` datetime NOT NULL,
  `status` int(11) NOT NULL,
  `product_id` int(11) NOT NULL,
  `quantity` int(11) NOT NULL,
  `phone` varchar(20) NOT NULL,
  `size` varchar(5) NOT NULL,
  `color` varchar(20) NOT NULL,
  `date_end` varchar(255) NOT NULL,
  `code` int(11) NOT NULL,
  `selected` tinyint(1) NOT NULL
) ENGINE=InnoDB DEFAULT CHARSET=utf8mb4;

--
-- Dumping data for table `orders`
--

INSERT INTO `orders` (`id`, `user_id`, `address`, `date`, `status`, `product_id`, `quantity`, `phone`, `size`, `color`, `date_end`, `code`, `selected`) VALUES
(15, 1, 'Đà Nẵng', '2023-02-01 10:00:00', 4, 5, 7, '0328888888', 'M', '', '2023-08-03 10:52:13', 0, 0),
(16, 2, 'check', '2023-01-03 00:00:00', 4, 6, 3, '123456789', 'L', '', '2023-07-05 21:47:58', 0, 0),
(17, 2, 'check', '2023-02-02 00:00:00', 4, 1, 1, '123456789', 'S', '', '2023-07-05 21:47:58', 0, 0),
(18, 2, 'pending', '2023-01-02 00:00:00', 1, 1, 1, '032457859', 'L', '', 'Đang giao', 0, 0),
(19, 2, 'check', '2023-02-02 00:00:00', 4, 9, 3, '123456789', 'XL', '', '2023-07-05 21:47:58', 0, 0),
(20, 1, 'Đà Nẵng', '2023-03-08 00:00:00', 4, 5, 1, '0328888888', 'M', '', '2023-08-03 10:52:13', 0, 0),
(21, 1, 'Đà Nẵng', '2023-02-02 00:00:00', 3, 1, 2, '0328888888', 'S', '', '2023-08-03 10:52:13', 0, 0),
(22, 1, 'Đà Nẵng', '2023-02-04 00:00:00', 2, 12, 3, '0328888888', 'L', '', '2023-08-03 10:52:13', 0, 0),
(23, 1, 'Đà Nẵng', '2023-02-04 00:00:00', 2, 9, 4, '0328888888', 'L', '', '2023-08-03 10:52:13', 0, 0),
(24, 1, 'Đà Nẵng', '2023-02-07 00:00:00', 2, 5, 1, '0328888888', 'M', '', '2023-08-03 10:52:13', 0, 0),
(25, 1, 'Đà Nẵng', '2023-02-09 00:00:00', 2, 1, 5, '0328888888', 'M', '', '2023-08-03 10:52:13', 0, 0),
(32, 1, 'Đà Nẵng', '2023-02-11 00:00:00', 4, 13, 3, '0328888888', 'L', '', '2023-08-03 10:52:13', 0, 0),
(33, 1, 'Đà Nẵng', '2023-02-19 11:03:00', 4, 16, 2, '0328888888', 'S', '', '2023-08-03 10:52:13', 0, 0),
(34, 2, 'check', '2023-02-22 21:24:00', 2, 1, 2, '123456789', 'L', '', '2023-07-05 21:47:58', 0, 0),
(35, 2, 'pending', '2023-02-22 21:40:00', 0, 3, 6, 'pending', '', '', 'pending', 0, 0),
(36, 1, 'Đà Nẵng', '2023-02-23 22:58:00', 2, 1, 2, '0328888888', 'XL', '', '2023-08-03 10:52:13', 0, 0),
(39, 3, 'Long Biên, Hà Nội', '2023-02-28 22:19:00', 3, 7, 2, '123456789', 'XL', '', '2023-03-15 22:04:25', 3, 1),
(41, 3, 'Long Biên, Hà Nội', '2023-03-01 21:26:00', 3, 10, 9, '123456789', 'XL', '', '2023-03-15 22:04:25', 2, 1),
(42, 3, 'Long Biên, Hà Nội', '2023-03-01 21:28:00', 3, 1, 1, '123456789', 'M', '', '2023-03-15 22:04:25', 2, 1),
(43, 3, 'Long Biên, Hà Nội', '2023-03-04 19:46:00', 3, 1, 3, '123456789', 'XL', '', '2023-03-15 22:04:25', 0, 1),
(44, 3, 'Long Biên, Hà Nội', '2023-03-04 19:46:00', 3, 3, 2, '123456789', 'S', '', '2023-03-15 22:04:25', 0, 1),
(45, 3, 'Long Biên, Hà Nội', '2023-03-11 21:51:00', 3, 18, 1, '123456789', 'S', '', '2023-03-15 22:04:25', 0, 1),
(46, 3, 'Long Biên, Hà Nội', '2023-03-11 22:00:00', 3, 6, 1, '123456789', 'S', '', '2023-03-15 22:04:25', 0, 1),
(47, 3, 'Long Biên, Hà Nội', '2023-03-11 22:00:00', 3, 15, 2, '123456789', 'XL', '', '2023-03-15 22:04:25', 0, 1),
(48, 3, 'Long Biên, Hà Nội', '2023-03-11 22:02:00', 3, 3, 1, '123456789', 'S', '', '2023-03-15 22:04:25', 0, 1),
(49, 3, 'Long Biên, Hà Nội', '2023-03-11 22:02:00', 3, 6, 1, '123456789', 'S', '', '2023-03-15 22:04:25', 0, 1),
(50, 3, 'pending', '2023-03-14 21:36:00', 0, 18, 1, 'pending', 'S', '', 'pending', 0, 0),
(51, 3, 'pending', '2023-03-14 21:38:00', 0, 18, 1, 'pending', 'S', '', 'pending', 0, 0),
(52, 3, 'pending', '2023-03-14 21:40:00', 0, 18, 1, 'pending', 'S', '', 'pending', 0, 0),
(53, 3, 'pending', '2023-03-14 21:42:00', 0, 18, 1, 'pending', 'S', '', 'pending', 0, 0),
(54, 3, 'Long Biên, Hà Nội', '2023-03-14 21:49:00', 3, 18, 2, '123456789', 'S', '', '2023-03-15 22:04:25', 0, 1),
(55, 3, 'Long Biên, Hà Nội', '2023-03-14 22:33:00', 3, 17, 1, '123456789', 'M', '', '2023-03-15 22:04:25', 0, 1),
(56, 3, 'Long Biên, Hà Nội', '2023-03-14 22:33:00', 3, 9, 1, '123456789', 'M', '', '2023-03-15 22:04:25', 0, 1),
(57, 3, 'Long Biên, Hà Nội', '2023-03-14 22:33:00', 3, 7, 1, '123456789', 'XL', '', '2023-03-15 22:04:25', 0, 1),
(58, 3, 'Long Biên, Hà Nội', '2023-03-15 20:39:00', 3, 10, 1, '123456789', 'M', '', '2023-03-15 22:04:25', 0, 1),
(59, 3, 'Long Biên, Hà Nội', '2023-03-15 20:39:00', 3, 6, 1, '123456789', 'S', '', '2023-03-15 22:04:25', 0, 1),
(60, 5, 'Hà Nội', '2023-05-15 22:23:00', 3, 1, 5, '123456789', 'M', '', '2023-05-15 22:25:39', 0, 1),
(61, 1, 'Đà Nẵng', '2023-05-19 16:38:00', 2, 12, 1, '0328888888', 'XL', '', '2023-08-03 10:52:13', 0, 0),
(62, 5, 'pending', '2023-06-27 06:33:00', 1, 12, 3, 'pending', 'XL', '', 'pending', 0, 0),
(63, 1, 'Đà Nẵng', '2023-06-27 06:46:00', 2, 1, 1, '0328888888', 'XL', '', '2023-08-03 10:52:13', 0, 0),
(64, 1, 'Đà Nẵng', '2023-06-27 06:55:00', 2, 1, 1, '0328888888', 'XL', '', '2023-08-03 10:52:13', 0, 0),
(65, 1, 'Đà Nẵng', '2023-06-27 06:59:00', 2, 2, 32, '0328888888', 'L', '', '2023-08-03 10:52:13', 0, 0),
(66, 1, 'Đà Nẵng', '2023-06-27 06:59:00', 2, 3, 1, '0328888888', 'S', '', '2023-08-03 10:52:13', 0, 0),
(67, 1, 'Đà Nẵng', '2023-06-27 21:39:00', 2, 1, 1, '0328888888', 'M', '', '2023-08-03 10:52:13', 0, 0),
(68, 1, 'Đà Nẵng', '2023-06-27 21:45:00', 2, 1, 1, '0328888888', 'XL', '', '2023-08-03 10:52:13', 0, 0),
(69, 1, 'Đà Nẵng', '2023-06-28 14:11:00', 2, 9, 1, '0328888888', 'M', '', '2023-08-03 10:52:13', 0, 0),
(70, 1, 'Đà Nẵng', '2023-06-28 14:11:00', 2, 7, 1, '0328888888', 'XL', '', '2023-08-03 10:52:13', 0, 0),
(71, 1, 'Đà Nẵng', '2023-06-28 14:12:00', 2, 17, 1, '0328888888', 'M', '', '2023-08-03 10:52:13', 0, 0),
(72, 1, 'Đà Nẵng', '2023-06-30 10:17:00', 2, 2, 1, '0328888888', 'L', '', '2023-08-03 10:52:13', 0, 0),
(73, 1, 'Đà Nẵng', '2023-06-30 10:31:00', 2, 1, 1, '0328888888', 'XL', '', '2023-08-03 10:52:13', 0, 0),
(74, 1, 'Đà Nẵng', '2023-06-30 10:34:00', 2, 5, 1, '0328888888', 'M', '', '2023-08-03 10:52:13', 0, 0),
(75, 1, 'Đà Nẵng', '2023-06-30 10:35:00', 2, 5, 1, '0328888888', 'M', '', '2023-08-03 10:52:13', 0, 0),
(76, 1, 'Đà Nẵng', '2023-06-30 10:38:00', 2, 12, 1, '0328888888', 'XL', '', '2023-08-03 10:52:13', 0, 0),
(77, 1, 'Đà Nẵng', '2023-06-30 10:38:00', 2, 19, 1, '0328888888', 'M', '', '2023-08-03 10:52:13', 0, 0),
(78, 1, 'Đà Nẵng', '2023-06-30 10:41:00', 2, 7, 1, '0328888888', 'XL', '', '2023-08-03 10:52:13', 0, 0),
(79, 2, 'pending', '2023-07-01 16:33:00', 0, 6, 1, 'pending', 'S', '', 'pending', 0, 0),
(80, 2, 'pending', '2023-07-01 16:33:00', 0, 7, 1, 'pending', 'XL', '', 'pending', 0, 0),
(81, 2, 'pending', '2023-07-01 16:38:00', 0, 1, 1, 'pending', 'XL', '', 'pending', 0, 0),
(82, 2, 'pending', '2023-07-01 16:45:00', 0, 6, 1, 'pending', 'S', '', 'pending', 0, 0),
(83, 2, 'pending', '2023-07-01 16:54:00', 0, 1, 1, 'pending', 'XL', '', 'pending', 0, 0),
(84, 2, 'pending', '2023-07-01 16:56:00', 0, 6, 1, 'pending', 'S', '', 'pending', 0, 0),
(85, 2, 'pending', '2023-07-01 16:57:00', 0, 7, 1, 'pending', 'XL', '', 'pending', 0, 0),
(86, 2, 'pending', '2023-07-01 16:57:00', 0, 13, 1, 'pending', 'XL', '', 'pending', 0, 0),
(87, 2, 'pending', '2023-07-01 16:58:00', 0, 6, 1, 'pending', 'S', '', 'pending', 0, 0),
(88, 2, 'pending', '2023-07-01 16:58:00', 0, 5, 1, 'pending', 'M', '', 'pending', 0, 0),
(89, 1, 'Đà Nẵng', '2023-07-01 21:01:00', 2, 18, 1, '0328888888', 'S', '', '2023-08-03 10:52:13', 0, 0),
(90, 1, 'Đà Nẵng', '2023-07-01 21:01:00', 2, 9, 1, '0328888888', 'M', '', '2023-08-03 10:52:13', 0, 0),
(91, 1, 'Đà Nẵng', '2023-07-01 21:01:00', 2, 7, 1, '0328888888', 'XL', '', '2023-08-03 10:52:13', 0, 0),
(92, 1, 'Đà Nẵng', '2023-07-01 21:01:00', 2, 9, 1, '0328888888', 'M', '', '2023-08-03 10:52:13', 0, 0),
(93, 1, 'Đà Nẵng', '2023-07-01 21:01:00', 2, 2, 1, '0328888888', 'L', '', '2023-08-03 10:52:13', 0, 0),
(94, 1, 'Đà Nẵng', '2023-07-01 21:01:00', 2, 7, 1, '0328888888', 'XL', '', '2023-08-03 10:52:13', 0, 0),
(95, 1, 'Đà Nẵng', '2023-07-01 21:01:00', 2, 20, 1, '0328888888', 'L', '', '2023-08-03 10:52:13', 0, 0),
(96, 1, 'Đà Nẵng', '2023-07-01 21:01:00', 2, 2, 1, '0328888888', 'L', '', '2023-08-03 10:52:13', 0, 0),
(97, 1, 'Đà Nẵng', '2023-07-01 21:01:00', 2, 15, 2, '0328888888', 'XL', '', '2023-08-03 10:52:13', 0, 0),
(98, 1, 'Đà Nẵng', '2023-07-01 21:01:00', 2, 17, 1, '0328888888', 'M', '', '2023-08-03 10:52:13', 0, 0),
(99, 1, 'Đà Nẵng', '2023-07-01 21:18:00', 2, 17, 1, '0328888888', 'M', '', '2023-08-03 10:52:13', 0, 0),
(100, 1, 'Đà Nẵng', '2023-07-01 21:24:00', 2, 7, 1, '0328888888', 'XL', '', '2023-08-03 10:52:13', 0, 0),
(101, 1, 'Đà Nẵng', '2023-07-01 21:24:00', 2, 10, 2, '0328888888', 'M', '', '2023-08-03 10:52:13', 0, 0),
(102, 1, 'Đà Nẵng', '2023-07-01 21:26:00', 2, 2, 1, '0328888888', 'L', '', '2023-08-03 10:52:13', 0, 0),
(103, 1, 'Đà Nẵng', '2023-07-01 21:26:00', 2, 17, 1, '0328888888', 'M', '', '2023-08-03 10:52:13', 0, 0),
(104, 10, 'pending', '2023-07-01 21:45:00', 1, 13, 2, 'pending', 'XL', '', 'pending', 0, 0),
(105, 10, 'pending', '2023-07-01 21:48:00', 0, 2, 2, 'pending', 'L', '', '2023-07-01 21:48', 0, 0),
(106, 9, 'Oke', '2023-07-01 22:01:00', 3, 2, 2, '0383927182', 'L', '', '2023-08-31 21:36:20', 0, 0),
(107, 9, 'Oke', '2023-07-01 22:01:00', 3, 13, 1, '0383927182', 'XL', '', '2023-08-31 21:36:20', 0, 0),
(108, 9, 'Oke', '2023-07-01 22:01:00', 3, 10, 1, '0383927182', 'M', '', '2023-08-31 21:36:20', 0, 0),
(109, 9, 'Oke', '2023-07-01 22:10:00', 3, 20, 1, '0383927182', 'L', '', '2023-08-31 21:36:20', 0, 0),
(110, 9, 'Oke', '2023-07-01 22:12:00', 3, 6, 2, '0383927182', 'S', '', '2023-08-31 21:36:20', 0, 0),
(111, 1, 'Đà Nẵng', '2023-07-01 22:14:00', 2, 5, 1, '0328888888', 'M', '', '2023-08-03 10:52:13', 0, 0),
(112, 9, 'Oke', '2023-07-01 22:14:00', 3, 13, 1, '0383927182', 'XL', '', '2023-08-31 21:36:20', 0, 0),
(113, 8, 'MRT2', '2023-07-01 22:17:00', 3, 2, 1, 'MRT', 'L', '', '2023-07-01 22:19:44', 0, 0),
(114, 8, 'CHECKK', '2023-07-01 22:17:00', 3, 7, 1, '123456789', 'XL', '', '2023-07-01 22:37:55', 0, 0),
(115, 8, 'CHECKK', '2023-07-01 22:36:00', 3, 18, 1, '123456789', 'S', '', '2023-07-01 22:37:55', 0, 0),
(116, 8, 'HNNN', '2023-07-02 07:08:00', 3, 18, 1, '123456789', 'S', '', '2023-07-02 08:36:03', 0, 0),
(117, 8, 'CHECK CHECK', '2023-07-02 07:08:00', 3, 5, 3, '123456789', 'M', '', '2023-07-08 21:25:03', 20, 0),
(118, 1, 'Đà Nẵng', '2023-07-02 16:57:00', 2, 2, 8, '0328888888', 'L', '', '2023-08-03 10:52:13', 0, 0),
(119, 1, 'Đà Nẵng', '2023-07-05 07:58:00', 2, 5, 1, '0328888888', 'M', '', '2023-08-03 10:52:13', 0, 0),
(120, 1, 'Đà Nẵng', '2023-07-05 07:58:00', 2, 13, 1, '0328888888', 'XL', '', '2023-08-03 10:52:13', 0, 0),
(121, 1, 'Đà Nẵng', '2023-07-05 07:58:00', 2, 17, 1, '0328888888', 'M', '', '2023-08-03 10:52:13', 0, 0),
(122, 1, 'Đà Nẵng', '2023-07-05 08:39:00', 2, 19, 1, '0328888888', 'M', '', '2023-08-03 10:52:13', 0, 0),
(123, 1, 'Đà Nẵng', '2023-07-05 08:39:00', 2, 15, 1, '0328888888', 'XL', '', '2023-08-03 10:52:13', 0, 0),
(124, 1, 'Đà Nẵng', '2023-07-05 08:39:00', 2, 2, 1, '0328888888', 'L', '', '2023-08-03 10:52:13', 0, 0),
(125, 1, 'Đà Nẵng', '2023-07-05 08:39:00', 2, 5, 1, '0328888888', 'M', '', '2023-08-03 10:52:13', 0, 0),
(126, 1, 'Đà Nẵng', '2023-07-05 08:39:00', 2, 9, 1, '0328888888', 'M', '', '2023-08-03 10:52:13', 0, 0),
(127, 2, 'pending', '2023-07-05 09:02:00', 0, 17, 1, 'pending', 'M', '', '2023-07-05 09:02', 0, 0),
(128, 2, 'check', '2023-07-05 09:02:00', 2, 19, 4, '123456789', 'M', '', '2023-07-05 21:47:58', 0, 0),
(129, 1, 'Đà Nẵng', '2023-07-05 11:20:00', 2, 7, 1, '0328888888', 'XL', '', '2023-08-03 10:52:13', 0, 0),
(130, 1, 'Đà Nẵng', '2023-07-05 11:20:00', 2, 17, 1, '0328888888', 'M', '', '2023-08-03 10:52:13', 0, 0),
(131, 1, 'Đà Nẵng', '2023-07-05 11:20:00', 2, 19, 1, '0328888888', 'M', '', '2023-08-03 10:52:13', 0, 0),
(132, 2, 'OKEEE', '2023-07-05 13:46:00', 2, 2, 1, '11111111111', 'L', '', '2023-07-05 21:53:24', 0, 0),
(133, 1, 'Đà Nẵng', '2023-07-08 13:25:00', 2, 9, 2, '0328888888', 'M', '', '2023-08-03 10:52:13', 0, 0),
(134, 1, 'Đà Nẵng', '2023-07-09 08:26:00', 2, 6, 1, '0328888888', 'S', 'Đỏ', '2023-08-03 10:52:13', 0, 0),
(135, 12, 'Hà Nội', '2023-07-09 08:28:00', 3, 6, 1, '123456789', 'S', 'Đỏ', '2023-07-09 08:30:27', 20, 0),
(136, 1, 'Đà Nẵng', '2023-07-21 14:43:00', 2, 1, 1, '0328888888', 'M', 'Hồng', '2023-08-03 10:52:13', 0, 0),
(137, 1, 'Đà Nẵng', '2023-07-21 14:54:00', 2, 19, 3, '0328888888', 'M', 'Đen', '2023-08-03 10:52:13', 0, 0),
(138, 1, 'Đà Nẵng', '2023-07-22 09:07:00', 2, 6, 2, '0328888888', 'S', 'Đỏ', '2023-08-03 10:52:13', 0, 0),
(139, 1, 'Đà Nẵng', '2023-07-22 09:09:00', 2, 9, 1, '0328888888', 'M', 'Xanh ngọc', '2023-08-03 10:52:13', 0, 0),
(140, 1, 'Đà Nẵng', '2023-07-22 09:09:00', 2, 1, 1, '0328888888', 'M', 'Hồng', '2023-08-03 10:52:13', 0, 0),
(141, 8, 'MISSING', '2023-07-22 09:10:00', 1, 13, 1, 'MISSING', 'XL', 'Đen xám', '2023-07-22 09:10', 0, 0),
(142, 1, 'Đà Nẵng', '2023-07-22 09:09:00', 2, 10, 1, '0328888888', 'M', 'Xanh dương', '2023-08-03 10:52:13', 0, 0),
(143, 1, 'Đà Nẵng', '2023-07-22 11:26:00', 2, 19, 1, '0328888888', 'M', 'Đen', '2023-08-03 10:52:13', 0, 0),
(144, 17, 'AT STORE', '2023-07-23 22:17:34', 4, 1, 2, '123456789', 'XS', 'Xanh ngọc', '2023-07-23T22:17:34.911', 0, 0),
(145, 18, 'AT STORE', '2023-07-23 22:22:15', 4, 2, 2, '123456789', 'XS', 'Xanh ngọc', '2023-07-23T22:22:15.831', 0, 0),
(146, 1, 'Đà Nẵng', '2023-07-24 08:44:00', 2, 13, 6, '0328888888', 'XL', 'Đen xám', '2023-08-03 10:52:13', 0, 0),
(147, 19, 'AT STORE', '2023-07-24 09:00:08', 4, 2, 4, '123456789', 'L', 'Xanh ngọc', '2023-07-24T09:00:08.723', 0, 0),
(148, 1, 'Đà Nẵng', '2023-08-01 14:25:00', 2, 1, 1, '0328888888', 'XL', 'Hồng', '2023-08-03 10:52:13', 0, 0),
(149, 20, 'AT STORE', '2023-08-01 20:28:57', 4, 1, 3, '123456789', 'XS', 'Xanh ngọc', '2023-08-01T20:28:57.953', 0, 0),
(150, 21, 'AT STORE', '2023-08-01 20:35:33', 4, 2, 6, '123456789', 'XS', 'Xanh ngọc', '2023-08-01T20:35:33.786', 0, 0),
(151, 25, 'AT STORE', '2023-08-04 21:49:26', 4, 2, 1, '02338888888', 'S', 'Đen xám', '2023-08-04T21:49:26.723', 0, 0),
(152, 26, 'AT STORE', '2023-08-04 21:49:26', 4, 1, 4, '02338888888', 'S', 'Đen xám', '2023-08-04T21:49:26.777', 0, 0),
(153, 27, 'AT STORE', '2023-08-04 21:51:13', 4, 2, 1, '02338888888', 'S', 'Đen xám', '2023-08-04T21:51:13.082', 0, 0),
(154, 28, 'AT STORE', '2023-08-04 21:51:13', 4, 1, 4, '02338888888', 'S', 'Đen xám', '2023-08-04T21:51:13.094', 0, 0),
(155, 29, 'AT STORE', '2023-08-04 21:51:23', 4, 2, 1, '02338888888', 'S', 'Đen xám', '2023-08-04T21:51:23.685', 0, 0),
(156, 30, 'AT STORE', '2023-08-04 21:51:23', 4, 1, 4, '02338888888', 'S', 'Đen xám', '2023-08-04T21:51:23.710', 0, 0),
(157, 31, 'AT STORE', '2023-08-04 22:42:35', 4, 2, 4, '0382222222', 'S', 'Đen xám', '2023-08-04T22:42:35.208', 0, 0),
(158, 32, 'AT STORE', '2023-08-04 22:42:35', 4, 5, 2, '0382222222', 'S', 'Đen xám', '2023-08-04T22:42:35.221', 0, 0),
(159, 33, 'AT STORE', '2023-08-04 22:46:02', 4, 2, 1, '0382222222', 'S', 'Đen xám', '2023-08-04T22:46:02.953', 0, 0),
(160, 34, 'AT STORE', '2023-08-04 22:46:02', 4, 5, 1, '0382222222', 'S', 'Đen xám', '2023-08-04T22:46:02.971', 0, 0),
(161, 35, 'AT STORE', '2023-08-04 22:46:52', 4, 2, 1, '0382222222', 'S', 'Đen xám', '2023-08-04T22:46:52.154', 0, 0),
(162, 36, 'AT STORE', '2023-08-04 22:46:52', 4, 5, 1, '0382222222', 'S', 'Đen xám', '2023-08-04T22:46:52.165', 0, 0),
(163, 37, 'AT STORE', '2023-08-04 22:50:08', 4, 2, 1, '0333888888', 'S', 'Đen xám', '2023-08-04T22:50:08.296', 0, 0),
(164, 38, 'AT STORE', '2023-08-04 22:50:08', 4, 5, 1, '0333888888', 'S', 'Đen xám', '2023-08-04T22:50:08.305', 0, 0),
(165, 39, 'AT STORE', '2023-08-04 23:03:27', 4, 6, 1, '038889584938', 'S', 'Xanh lá cây', '2023-08-04T23:03:27.013', 0, 0),
(166, 40, 'AT STORE', '2023-08-04 23:03:27', 4, 3, 2, '038889584938', 'S', 'Xanh lá cây', '2023-08-04T23:03:27.025', 0, 0),
(167, 41, 'AT STORE', '2023-08-04 23:42:46', 4, 2, 1, '038389584938', 'M', 'Hồng', '2023-08-04T23:42:46.485', 0, 0),
(168, 41, 'AT STORE', '2023-08-04 23:42:46', 4, 6, 1, '038389584938', 'M', 'Hồng', '2023-08-04T23:42:46.501', 0, 0),
(169, 42, 'AT STORE', '2023-08-05 09:01:02', 4, 5, 2, '0338888888', 'S', 'Hồng', '2023-08-05T09:01:02.017', 0, 0),
(170, 42, 'AT STORE', '2023-08-05 09:01:02', 4, 3, 1, '0338888888', 'S', 'Hồng', '2023-08-05T09:01:02.050', 0, 0),
(171, 43, 'AT STORE', '2023-08-05 09:02:52', 4, 2, 1, '0338958493', 'XS', 'Hồng', '2023-08-05T09:02:52.400', 0, 0),
(172, 43, 'AT STORE', '2023-08-05 09:02:52', 4, 1, 1, '0338958493', 'XS', 'Hồng', '2023-08-05T09:02:52.441', 0, 0),
(173, 44, 'AT STORE', '2023-08-05 09:05:48', 4, 2, 1, '0338888888', 'S', 'Hồng', '2023-08-05T09:05:48.549', 0, 0),
(174, 45, 'AT STORE', '2023-08-05 09:07:00', 4, 2, 1, '0338888888', 'XS', 'Hồng', '2023-08-05T09:07:00.100', 0, 0),
(175, 45, 'AT STORE', '2023-08-05 09:07:00', 4, 1, 1, '0338888888', 'XS', 'Hồng', '2023-08-05T09:07:00.116', 0, 0),
(176, 46, 'AT STORE', '2023-08-05 09:22:01', 4, 3, 1, '0338888888', 'S', 'Xanh ngọc', '2023-08-05T09:22:01.674', 0, 0),
(177, 46, 'AT STORE', '2023-08-05 09:22:01', 4, 1, 4, '0338888888', 'S', 'Xanh ngọc', '2023-08-05T09:22:01.681', 0, 0),
(178, 46, 'AT STORE', '2023-08-05 09:22:01', 4, 2, 3, '0338888888', 'S', 'Xanh ngọc', '2023-08-05T09:22:01.691', 0, 0),
(179, 49, 'AT STORE', '2023-08-05 14:35:43', 4, 2, 1, '0338888888', 'M', 'Xanh lá cây', '2023-08-05T14:35:43.325', 0, 0),
(180, 50, 'AT STORE', '2023-08-05 14:37:39', 4, 2, 1, '0338888888', 'M', 'Xanh lá cây', '2023-08-05T14:37:39.813', 0, 0),
(181, 50, 'AT STORE', '2023-08-05 14:37:39', 4, 1, 2, '0338888888', 'XS', 'Đen xám', '2023-08-05T14:37:39.844', 0, 0),
(182, 51, 'HN', '2023-08-06 17:55:00', 3, 2, 1, '0384555555', 'S', 'Đen xám', '2023-08-12 20:29:55', 0, 0),
(183, 51, 'HN', '2023-08-06 17:55:00', 3, 1, 1, '0384555555', 'L', 'Xanh lá cây', '2023-08-12 20:29:55', 0, 0),
(184, 52, 'AT STORE', '2023-08-06 17:56:29', 4, 2, 1, '0386666666', 'S', 'Xanh lá cây', '2023-08-06T17:56:29.673', 0, 0),
(185, 53, 'AT STORE', '2023-08-06 17:56:58', 4, 2, 1, '0389999999', 'L', 'Xanh lá cây', '2023-08-06T17:56:58.474', 0, 0),
(186, 51, 'HN', '2023-08-06 17:57:00', 3, 2, 1, '0384555555', 'L', 'Hồng', '2023-08-12 20:29:55', 0, 0),
(187, 51, 'HN', '2023-08-06 17:57:00', 3, 17, 1, '0384555555', 'M', 'Đen xám', '2023-08-12 20:29:55', 0, 0),
(188, 56, 'AT STORE', '2023-08-06 20:25:51', 4, 24, 1, '0326499999', 'M', 'Xanh lá cây', '2023-08-06T20:25:51.231', 0, 0),
(189, 56, 'AT STORE', '2023-08-06 20:25:51', 4, 9, 1, '0326499999', 'M', 'Hết color', '2023-08-06T20:25:51.344', 0, 0),
(190, 8, 'AT STORE', '2023-08-10 23:22:05', 4, 1, 1, '0338888888', 'M', 'Hết color', '2023-08-10T23:22:05.774', 0, 0),
(191, 8, 'AT STORE', '2023-08-10 23:22:05', 4, 2, 1, '0338888888', 'L', 'Hồng', '2023-08-10T23:22:05.968', 0, 0),
(192, 57, 'AT STORE', '2023-08-10 23:27:55', 4, 2, 1, '0338888888', 'L', 'Xanh dương', '2023-08-10T23:27:55.487', 0, 0),
(193, 57, 'AT STORE', '2023-08-10 23:27:55', 4, 3, 1, '0338888888', 'S', 'Hết color', '2023-08-10T23:27:55.524', 0, 0),
(194, 58, 'AT STORE', '2023-08-10 23:29:52', 4, 28, 1, '0338888888', 'L', 'Xanh lá cây', '2023-08-10T23:29:52.923', 0, 0),
(197, 59, 'CHECK HỦY ĐƠN', '2023-08-12 20:32:00', 4, 2, 1, '0384555555', 'L', 'Hồng', '2023-08-13 15:56:58', 0, 0),
(198, 59, 'CHECK HỦY ĐƠN', '2023-08-12 20:32:00', 4, 7, 1, '0384555555', 'XL', 'Xám', '2023-08-13 15:56:58', 0, 0),
(199, 59, 'CHECK HỦY ĐƠN', '2023-08-13 14:01:00', 5, 13, 1, '0384555555', 'XL', 'Đen xám', '2023-08-13 15:56:58', 0, 0),
(200, 59, 'CHECK HỦY ĐƠN', '2023-08-13 14:01:00', 5, 20, 1, '0384555555', 'L', 'Xanh ngọc', '2023-08-13 15:56:58', 0, 0),
(201, 59, 'CHECK HỦY ĐƠN', '2023-08-13 14:01:00', 4, 26, 1, '0384555555', 'M', 'Xanh dương', '2023-08-13 15:56:58', 0, 0),
(202, 59, 'CHECK HỦY ĐƠN', '2023-08-13 14:01:00', 5, 27, 1, '0384555555', 'L', 'Xanh dương', '2023-08-13 15:56:58', 0, 0),
(203, 9, 'Oke', '2023-08-21 13:43:00', 4, 16, 1, '0383927182', 'M', 'Đen', '2023-08-31 21:36:20', 0, 0),
(204, 4, 'Ngách 80, HN', '2023-08-21 13:52:41', 4, 2, 1, '0389999999', 'L', 'Xanh dương', '2023-08-21T13:52:41.025', 0, 0),
(205, 4, 'Ngách 80, HN', '2023-08-21 13:52:41', 4, 8, 1, '0389999999', 'L', 'Xanh lá cây', '2023-08-21T13:52:41.044', 0, 0),
(206, 4, 'Địa mmmmm', '2023-08-21 14:16:00', 4, 7, 1, '0389999999', 'XL', 'Đen xám', '2023-08-21T14:16:00.303', 0, 0),
(207, 4, 'Địa mmmmm', '2023-08-21 14:16:00', 4, 2, 1, '0389999999', 'L', 'Xanh dương', '2023-08-21T14:16:00.317', 0, 0),
(208, 4, 'Địa mmmmm', '2023-08-21 14:16:00', 4, 16, 1, '0389999999', 'XL', 'Đen', '2023-08-21T14:16:00.330', 0, 0),
(209, 9, 'Oke', '2023-08-21 13:43:00', 4, 7, 1, '0383927182', 'XL', 'Đen xám', '2023-08-31 21:36:20', 0, 0),
(210, 9, 'Oke', '2023-08-31 08:01:00', 4, 17, 1, '0383927182', 'M', 'Đen xám', '2023-08-31 21:36:20', 0, 0),
(216, 4, 'CHECKK', '2023-09-04 15:54:05', 4, 7, 1, '0389999999', 'XL', 'Xám', '2023-09-04T15:54:05.740', 0, 0),
(217, 61, 'TP VT', '2023-09-04 16:38:02', 4, 2, 1, '0328888888', 'L', 'Hồng', '2023-09-04T16:38:02.934', 0, 0),
(218, 61, 'TP VT', '2023-09-04 16:38:02', 4, 7, 1, '0328888888', 'XL', 'Đen xám', '2023-09-04T16:38:02.947', 0, 0),
(219, 62, 'TP VT', '2023-09-04 16:44:00', 4, 2, 1, '0328888888', 'L', 'Hồng', '2023-09-04T16:44:40.749', 0, 0),
(220, 62, 'TP VT', '2023-09-04 16:44:00', 4, 7, 1, '0328888888', 'XL', 'Xám', '2023-09-04T16:44:40.759', 0, 0),
(221, 63, 'HN333', '2023-09-04 17:49:50', 4, 16, 1, '0325468127', 'M', 'Đen', '2023-09-04T17:49:50.779', 0, 0),
(222, 9, 'okkk', '2023-09-05 13:16:00', 4, 17, 1, '0383927182', 'M', 'Đen xám', '2023-09-05 14:27:25', 0, 0),
(225, 9, 'GYMM', '2023-09-05 14:13:59', 4, 2, 1, '0383927182', 'L', 'Xanh dương', '2023-09-05T14:13:59.702', 40, 0),
(226, 9, 'GYMM', '2023-09-05 14:13:59', 4, 7, 1, '0383927182', 'XL', 'Đen xám', '2023-09-05T14:13:59.714', 40, 0),
(227, 9, 'GYMM', '2023-09-05 14:13:59', 4, 7, 1, '0383927182', 'XL', 'Đen xám', '2023-09-05T14:13:59.724', 40, 0),
(228, 9, 'GYMM', '2023-09-05 14:13:00', 4, 8, 41, '0383927182', 'M', 'Xanh lá cây', '2023-09-05T14:13:59.749', 40, 0),
(229, 64, 'HN 123', '2023-09-05 17:25:43', 4, 8, 1, '0389999999', 'L', 'Xanh lá cây', '2023-09-05T17:25:43.651', 0, 0),
(230, 64, 'HN 123', '2023-09-05 17:25:43', 4, 16, 1, '0389999999', 'M', 'Đen', '2023-09-05T17:25:43.667', 0, 0),
(231, 9, 'MISSING', '2023-09-17 13:12:00', 0, 8, 10, 'MISSING', 'L', 'Xanh lá cây', '2023-09-17 13:12', 0, 0),
(232, 9, 'MISSING', '2023-09-17 13:19:00', 0, 16, 1, 'MISSING', 'XL', 'Đen', '2023-09-17 13:19', 20, 0),
(233, 9, 'okkk', '2023-09-18 14:50:00', 3, 2, 1, '0383927182', 'L', 'Hồng', '2023-09-21 20:40:47', 0, 0),
(234, 9, 'MISSING', '2023-09-18 14:50:00', 0, 19, 1, 'MISSING', 'M', 'Đen', '2023-09-18 14:50', 20, 0),
(235, 4, 'mm', '2023-09-18 15:45:00', 4, 2, 3, '0389999999', 'L', 'Hồng', '2023-09-18T15:45:03.737', 0, 0),
(236, 4, 'mm', '2023-09-18 15:45:00', 6, 7, 3, '0389999999', 'XL', 'Xám', '2023-09-18T15:45:03.753', 0, 0),
(237, 65, 'HN', '2023-09-21 10:48:15', 4, 16, 1, '0323333333', 'XL', 'Hết color', '2023-09-21T10:48:15.440', 20, 0),
(238, 65, 'HN', '2023-09-21 10:48:15', 4, 17, 1, '0323333333', 'M', 'Hết color', '2023-09-21T10:48:15.574', 20, 0),
(240, 66, 'mm', '2023-09-21 13:18:27', 4, 20, 1, '0325468127', 'S', 'Đen xám', '2023-09-21T13:18:27.685', 20, 0),
(244, 9, 'mm', '2023-09-21 14:02:59', 4, 20, 1, '0383927182', 'S', 'Đen xám', '2023-09-21T14:02:59.689', 20, 0),
(245, 9, 'mm', '2023-09-21 14:02:59', 4, 26, 1, '0383927182', 'M', 'Xanh dương', '2023-09-21T14:02:59.705', 20, 0),
(246, 9, 'kk', '2023-09-21 20:38:00', 3, 69, 1, '0383927182', 'L', 'Xám', '2023-09-21 20:41:53', 0, 0);

-- --------------------------------------------------------

--
-- Table structure for table `order_detail`
--

CREATE TABLE `order_detail` (
  `id` int(11) NOT NULL,
  `order_id` int(11) NOT NULL,
  `quantity` int(11) NOT NULL,
  `status` int(11) NOT NULL,
  `size` varchar(10) NOT NULL,
  `color` varchar(20) NOT NULL,
  `fee` float NOT NULL
) ENGINE=InnoDB DEFAULT CHARSET=utf8mb4;

--
-- Dumping data for table `order_detail`
--

INSERT INTO `order_detail` (`id`, `order_id`, `quantity`, `status`, `size`, `color`, `fee`) VALUES
(1, 15, 7, 4, 'M', '', 0),
(2, 16, 3, 4, 'L', '', 0),
(3, 17, 1, 4, 'S', '', 0),
(4, 18, 1, 1, 'XL', '', 0),
(5, 19, 3, 4, 'L', '', 0),
(6, 20, 1, 4, 'M', '', 0),
(7, 21, 2, 5, 'S', '', 0),
(8, 22, 3, 2, 'M', '', 0),
(9, 23, 4, 2, 'L', '', 0),
(10, 24, 1, 2, 'M', '', 0),
(11, 25, 5, 2, 'L', '', 0),
(12, 32, 3, 4, 'M', '', 0),
(13, 33, 2, 4, 'M', '', 0),
(14, 34, 2, 2, 'XL', '', 0),
(15, 35, 6, 0, 'S', '', 0),
(16, 36, 2, 2, 'XL', '', 0),
(19, 39, 2, 3, 'XL', '', 0),
(21, 41, 9, 3, 'XL', '', 0),
(22, 42, 1, 3, 'M', '', 0),
(23, 43, 3, 3, 'XL', '', 0),
(24, 44, 2, 3, 'S', '', 0),
(25, 45, 1, 3, 'S', '', 0),
(26, 46, 1, 3, 'S', '', 0),
(27, 47, 2, 3, 'XL', '', 0),
(28, 48, 1, 3, 'S', '', 0),
(29, 49, 1, 3, 'S', '', 0),
(30, 50, 1, 0, 'S', '', 0),
(31, 51, 1, 0, 'S', '', 0),
(32, 52, 1, 0, 'S', '', 0),
(33, 53, 1, 0, 'S', '', 0),
(34, 54, 2, 3, 'S', '', 0),
(35, 55, 1, 3, 'M', '', 0),
(36, 56, 1, 3, 'M', '', 0),
(37, 57, 2, 3, 'XL', '', 0),
(38, 58, 1, 3, 'M', '', 0),
(39, 59, 1, 3, 'S', '', 0),
(40, 60, 5, 3, 'M', '', 0),
(41, 61, 1, 2, 'XL', '', 0),
(42, 62, 3, 1, 'XL', '', 0),
(43, 63, 1, 2, 'XL', '', 0),
(44, 64, 1, 2, 'XL', '', 0),
(45, 65, 32, 2, 'L', '', 0),
(46, 66, 1, 2, 'S', '', 0),
(47, 67, 1, 2, 'M', '', 0),
(48, 68, 1, 2, 'XL', '', 0),
(49, 69, 1, 2, 'M', '', 0),
(50, 70, 1, 2, 'XL', '', 0),
(51, 71, 1, 2, 'M', '', 0),
(52, 72, 1, 2, 'L', '', 0),
(53, 73, 1, 2, 'XL', '', 0),
(54, 74, 1, 2, 'M', '', 0),
(55, 75, 1, 2, 'M', '', 0),
(56, 76, 1, 2, 'XL', '', 0),
(57, 77, 1, 2, 'M', '', 0),
(58, 78, 1, 2, 'XL', '', 0),
(59, 79, 1, 1, 'S', '', 0),
(60, 80, 1, 1, 'XL', '', 0),
(61, 81, 1, 1, 'XL', '', 0),
(62, 82, 1, 1, 'S', '', 0),
(63, 83, 1, 1, 'XL', '', 0),
(64, 84, 1, 1, 'S', '', 0),
(65, 85, 1, 1, 'XL', '', 0),
(66, 86, 1, 1, 'XL', '', 0),
(67, 87, 1, 1, 'S', '', 0),
(68, 88, 1, 1, 'M', '', 0),
(69, 89, 1, 2, 'S', '', 0),
(70, 90, 1, 2, 'M', '', 0),
(71, 91, 1, 2, 'XL', '', 0),
(72, 92, 1, 2, 'M', '', 0),
(73, 93, 1, 2, 'L', '', 0),
(74, 94, 1, 2, 'XL', '', 0),
(75, 95, 1, 2, 'L', '', 0),
(76, 96, 1, 2, 'L', '', 0),
(77, 97, 2, 2, 'XL', '', 0),
(78, 98, 1, 2, 'M', '', 0),
(79, 99, 1, 2, 'M', '', 0),
(80, 100, 1, 2, 'XL', '', 0),
(81, 101, 2, 2, 'M', '', 0),
(82, 102, 1, 2, 'L', '', 0),
(83, 103, 1, 2, 'M', '', 0),
(84, 104, 2, 1, 'XL', '', 0),
(85, 105, 2, 1, 'L', '', 0),
(86, 106, 2, 3, 'L', '', 20000),
(87, 107, 1, 3, 'XL', '', 20000),
(88, 108, 1, 3, 'M', '', 20000),
(89, 109, 1, 3, 'L', '', 20000),
(90, 110, 2, 3, 'S', '', 20000),
(91, 111, 1, 2, 'M', '', 0),
(92, 112, 1, 3, 'XL', '', 20000),
(93, 113, 1, 3, 'L', '', 0),
(94, 114, 1, 3, 'XL', '', 0),
(95, 115, 1, 3, 'S', '', 0),
(96, 116, 1, 3, 'S', '', 0),
(97, 117, 3, 3, 'M', '', 0),
(98, 118, 8, 2, 'L', '', 0),
(99, 119, 1, 2, 'M', '', 0),
(100, 120, 1, 2, 'XL', '', 0),
(101, 121, 1, 2, 'M', '', 0),
(102, 122, 1, 2, 'M', '', 0),
(103, 123, 1, 2, 'XL', '', 0),
(104, 124, 1, 2, 'L', '', 0),
(105, 125, 1, 2, 'M', '', 0),
(106, 126, 1, 2, 'M', '', 0),
(107, 127, 1, 1, 'M', '', 0),
(108, 128, 4, 2, 'M', '', 0),
(109, 129, 1, 2, 'XL', '', 0),
(110, 130, 1, 2, 'M', '', 0),
(111, 131, 1, 2, 'M', '', 0),
(112, 132, 1, 2, 'L', '', 0),
(113, 133, 2, 2, 'M', '', 0),
(114, 134, 1, 2, 'S', 'Đỏ', 0),
(115, 135, 2, 3, 'S', 'Đỏ', 0),
(116, 136, 1, 2, 'M', 'Hồng', 0),
(117, 137, 3, 2, 'M', 'Đen', 0),
(118, 138, 2, 2, 'S', 'Đỏ', 0),
(119, 139, 1, 2, 'M', 'Xanh ngọc', 0),
(120, 140, 1, 2, 'M', 'Hồng', 0),
(121, 141, 1, 1, 'XL', 'Đen xám', 0),
(122, 142, 1, 2, 'M', 'Xanh dương', 0),
(123, 143, 1, 2, 'M', 'Đen', 0),
(124, 144, 2, 4, 'XS', 'Xanh ngọc', 0),
(125, 145, 2, 4, 'XS', 'Xanh ngọc', 0),
(126, 146, 6, 2, 'XL', 'Đen xám', 0),
(127, 147, 4, 4, 'L', 'Xanh ngọc', 0),
(128, 148, 1, 2, 'XL', 'Hồng', 0),
(129, 149, 3, 4, 'XS', 'Xanh ngọc', 0),
(130, 150, 6, 4, 'XS', 'Xanh ngọc', 0),
(131, 167, 1, 4, 'M', 'Hồng', 0),
(132, 168, 1, 4, 'M', 'Hồng', 0),
(133, 169, 2, 4, 'S', 'Hồng', 0),
(134, 170, 1, 4, 'S', 'Hồng', 0),
(135, 171, 1, 4, 'XS', 'Hồng', 0),
(136, 172, 1, 4, 'XS', 'Hồng', 0),
(137, 173, 1, 4, 'S', 'Hồng', 0),
(138, 174, 1, 4, 'XS', 'Hồng', 0),
(139, 175, 1, 4, 'XS', 'Hồng', 0),
(140, 176, 1, 4, 'S', 'Xanh ngọc', 0),
(141, 177, 4, 4, 'S', 'Xanh ngọc', 0),
(142, 178, 3, 4, 'S', 'Xanh ngọc', 0),
(143, 180, 1, 4, 'M', 'Xanh lá cây', 0),
(144, 181, 2, 4, 'XS', 'Đen xám', 0),
(145, 182, 1, 3, 'S', 'Đen xám', 0),
(146, 183, 1, 3, 'L', 'Xanh lá cây', 0),
(147, 184, 1, 4, 'S', 'Xanh lá cây', 0),
(148, 185, 1, 4, 'L', 'Xanh lá cây', 0),
(149, 186, 1, 3, 'L', 'Hồng', 0),
(150, 187, 1, 3, 'M', 'Đen xám', 0),
(151, 188, 1, 4, 'M', 'Xanh lá cây', 0),
(152, 189, 1, 4, 'M', 'Hết color', 0),
(153, 190, 1, 4, 'M', 'Hết color', 0),
(154, 191, 1, 4, 'L', 'Hồng', 0),
(155, 192, 1, 4, 'L', 'Xanh dương', 0),
(156, 193, 1, 4, 'S', 'Hết color', 0),
(157, 194, 1, 4, 'L', 'Xanh lá cây', 0),
(160, 197, 1, 4, 'L', 'Hồng', 0),
(161, 198, 1, 4, 'XL', 'Xám', 0),
(162, 199, 1, 5, 'XL', 'Đen xám', 0),
(163, 200, 1, 5, 'L', 'Xanh ngọc', 0),
(164, 201, 1, 4, 'M', 'Xanh dương', 0),
(165, 202, 1, 5, 'L', 'Xanh dương', 0),
(166, 203, 1, 4, 'M', 'Đen', 20000),
(167, 204, 1, 4, 'L', 'Xanh dương', 308000),
(168, 205, 1, 4, 'L', 'Xanh lá cây', 308000),
(169, 206, 1, 4, 'XL', 'Đen xám', 348500),
(170, 207, 1, 4, 'L', 'Xanh dương', 348500),
(171, 208, 1, 4, 'XL', 'Đen', 348500),
(172, 209, 1, 4, 'XL', 'Đen xám', 20000),
(173, 210, 1, 4, 'M', 'Đen xám', 20000),
(179, 216, 1, 4, 'XL', 'Xám', -1),
(180, 217, 1, 4, 'L', 'Hồng', -1),
(181, 218, 1, 4, 'XL', 'Đen xám', -1),
(182, 219, 1, 4, 'L', 'Hồng', -1),
(183, 220, 1, 4, 'XL', 'Xám', -1),
(184, 221, 1, 4, 'M', 'Đen', -1),
(185, 222, 1, 4, 'M', 'Đen xám', -1),
(188, 225, 1, 4, 'L', 'Xanh dương', 0),
(189, 226, 1, 4, 'XL', 'Đen xám', 0),
(190, 227, 1, 4, 'XL', 'Đen xám', 0),
(191, 228, 41, 4, 'M', 'Xanh lá cây', 0),
(192, 229, 1, 4, 'L', 'Xanh lá cây', -1),
(193, 230, 1, 4, 'M', 'Đen', -1),
(194, 231, 10, 1, 'L', 'Xanh lá cây', 0),
(195, 232, 1, 1, 'XL', 'Đen', 0),
(196, 233, 1, 3, 'L', 'Hồng', -1),
(197, 234, 1, 1, 'M', 'Đen', 0),
(198, 235, 3, 4, 'L', 'Hồng', -1),
(199, 236, 3, 4, 'XL', 'Xám', -1),
(200, 237, 1, 4, 'XL', 'Hết color', -1),
(201, 238, 1, 4, 'M', 'Hết color', -1),
(203, 240, 1, 4, 'S', 'Đen xám', -1),
(207, 244, 1, 4, 'S', 'Đen xám', 0),
(208, 245, 1, 4, 'M', 'Xanh dương', 0),
(209, 246, 1, 3, 'L', 'Xám', -1);

-- --------------------------------------------------------

--
-- Table structure for table `product`
--

CREATE TABLE `product` (
  `id` int(11) NOT NULL,
  `category_id` int(11) NOT NULL,
  `name` varchar(255) NOT NULL,
  `image` varchar(255) NOT NULL,
  `price` float NOT NULL,
  `description` varchar(255) NOT NULL,
  `brand` varchar(255) NOT NULL,
  `status` int(11) NOT NULL,
  `quantity` int(11) NOT NULL
) ENGINE=InnoDB DEFAULT CHARSET=utf8mb4;

--
-- Dumping data for table `product`
--

INSERT INTO `product` (`id`, `category_id`, `name`, `image`, `price`, `description`, `brand`, `status`, `quantity`) VALUES
(1, 1, 'Băng Cổ Tay Xỏ Ngón HN3', 'https://thegioidotap.vn/wp-content/uploads/2023/06/3.png', 299900, 'Chất lượng cao, cotton.', 'UNISEX', 1, 419),
(2, 3, 'Dây Kháng Lực Mini Band', '', 320000, 'Chất liệu mát, thoải mái.', 'Polo', 1, 1163),
(3, 2, 'Thể Thao ICADO HN2', 'https://thegioidotap.vn/wp-content/uploads/2020/12/tui-trong-the-thao-icado-hn2-5.png', 385000, 'Chất liệu cotton thoải mái.', 'Ideals m', 1, 489),
(5, 3, 'Dây Nhảy Tập Thể Dục ADIDAS ADRP-11017', 'https://thegioidotap.vn/wp-content/uploads/2023/03/209.png', 425000, 'Chất liệu jean thoải mái.', 'Slimfit', 1, 385),
(6, 1, 'Băng cổ tay tập gym PAVO AV', 'https://thegioidotap.vn/wp-content/uploads/2021/05/CNS8192.jpg', 285000, 'Chất liệu thoải mái.', 'Friends', 1, 39),
(7, 1, 'Băng Bảo Vệ Đầu Gối ADIDAS Chính hãng ADSU-12423RD', '', 365000, 'Chất liệu thoải mái.', 'Unisex', 1, 57),
(8, 9, 'Quần Dài Thể Thao Nam ICADO AA1', '', 450000, 'Chất lượng cao, cotton.', 'Xsport', 1, 196),
(9, 9, 'Quần Đùi Tập Gym Yoga Nam PAVO AT7', 'https://thegioidotap.vn/wp-content/uploads/2023/03/84.png', 600000, 'Chất lượng cao, cotton.', 'Xsport', 1, 980),
(10, 9, 'Quần Đùi Tập Gym Yoga Nam ICADO AT7', 'https://thegioidotap.vn/wp-content/uploads/2021/02/53-1.png', 385000, 'Chất liệu bền đẹp', 'FLANNEL', 1, 554),
(12, 7, 'Set Tập Gym Yoga Nam Áo ICADO AT31 Quần ICADO AA1', 'https://thegioidotap.vn/wp-content/uploads/2023/06/z4434254817779_db63842948807f152f5de95a3c096714.jpg', 245000, 'Chất liệu len ấm áp', 'No brand', 1, -6),
(13, 5, '2Găng Tay Thể Thao Phụ Kiện Tập Gym MOREOK HN1 – Xanh Neon', '', 245000, 'Chất liệu cao cấp, bền đẹp', 'ADORABLE', 1, 197),
(15, 2, 'Túi Trống Thể Thao PAVO HN6', 'https://thegioidotap.vn/wp-content/uploads/2021/05/Artboard-5-3.jpg', 425000, 'Chất liệu cao cấp, thoải mái', 'STRAIGHT', 1, 88),
(16, 1, 'Băng Gối Tập Gym IWIN KEEPA PRO', '', 205000, 'Chất liệu bền đẹp, thoải mái', 'W2ATN09205FOSHT', 1, 74),
(17, 7, '22Set Tập Gym Yoga Nam Áo ICADO AT26 Quần Short ICADO AT19', '', 180000, 'Hàng chất lượng cao, bền đẹp', 'Unisex', 1, 94),
(18, 4, 'Áo Sát Nách Nam Tập Gym Yoga PAVO AT2', 'https://thegioidotap.vn/wp-content/uploads/2022/06/57.png', 130000, 'Màu sắc hiện đại, chất liệu cao cấp', 'Unisex', 1, 86),
(19, 1, 'Băng Cổ Tay Dệt Xỏ Ngón HN4', '', 265000, 'Chất liệu cao cấp, bền đẹp', 'W2SMD05201FOSCR', 1, 600),
(20, 9, '2Quần Dài Tập Gym Yoga Nữ Viền Túi ICADO QD42', 'http://res.cloudinary.com/dyrc9s2gx/image/upload/v1695047109/zy18tqoaena0qr3lfa57.jpg', 295000, '88% Polyester, 12% spandex, co giãn 4 chiều', 'ICADO', 1, 195),
(22, 6, 'Giày Thể Thao XSPORT Balen.ciaga Triple S', 'https://giayxshop.vn/wp-content/uploads/2018/12/xoa-phong-212.jpg', 300000, 'Chất liệu cao cấp, bền đẹp', 'Xsport', 1, 500),
(23, 9, 'Áo thun Unisex', '', 400000, 'Chất liệu mát, thoải mái.', 'UNISEX', 1, 500),
(24, 7, 'Quần short nam QSNTK302', 'http://res.cloudinary.com/dyrc9s2gx/image/upload/v1695046063/oztsqq1hxwytftrrgpdh.jpg', 2222, 'Chất liệu mát, thoải mái.', 'Xsport', 1, 1999),
(25, 7, 'Postgresq', 'http://res.cloudinary.com/dyrc9s2gx/image/upload/v1695046096/ohmht3wvb9vkndxfjcrd.jpg', 300000, 'Chất liệu mát, thoải mái.', 'Xsport', 1, 2000),
(26, 6, 'Giày Thể Thao XSPORT Balen.ciaga Triple S', 'https://thegioidotap.vn/wp-content/uploads/2020/12/tui-trong-the-thao-icado-hn2-5.png', 400000, 'Chất liệu cotton thoải mái.', 'Nike', 1, 497),
(27, 6, 'Giày Thể Thao XSPORT Balen.ciaga Triple S', 'https://giayxshop.vn/wp-content/uploads/2018/12/xoa-phong-212.jpg', 400000, 'Chất liệu cao cấp, bền đẹp', 'Converse', 1, 500),
(28, 9, 'Quần short nam QSNTK302', 'https://360boutique.vn/wp-content/uploads/2022/03/QSNTK302-5.jpg', 300000, 'Chất liệu jean thoải mái.', 'BALENCIAGA', 1, 499),
(29, 6, 'Sản phẩm0123456789', 'https://thegioidotap.vn/wp-content/uploads/2020/12/tui-trong-the-thao-icado-hn2-5.png', 500000, 'Chất liệu mát, thoải mái.', 'UNISEX', 1, 500),
(30, 9, 'Quần short nam QSNTK302', 'https://traffic-edge38.cdn.vncdn.io/cdn-pos/d0f3ca-7136/ps/20221121_oBADwaMIubWBjNIB3Y5Sztfu.jpg', 600000, 'Chất liệu cotton thoải mái.', 'Converse', 1, 500),
(31, 9, 'Quần short nam QSNTK302', 'https://traffic-edge38.cdn.vncdn.io/cdn-pos/d0f3ca-7136/ps/20221121_oBADwaMIubWBjNIB3Y5Sztfu.jpg', 600000, 'Chất liệu cotton thoải mái.', 'Converse', 1, 500),
(32, 9, 'Quần short nam QSNTK302', 'https://traffic-edge38.cdn.vncdn.io/cdn-pos/d0f3ca-7136/ps/20221121_oBADwaMIubWBjNIB3Y5Sztfu.jpg', 600000, 'Chất liệu cotton thoải mái.', 'Converse', 1, 500),
(33, 9, 'Quần short nam QSNTK302', 'https://traffic-edge38.cdn.vncdn.io/cdn-pos/d0f3ca-7136/ps/20221121_oBADwaMIubWBjNIB3Y5Sztfu.jpg', 600000, 'Chất liệu cotton thoải mái.', 'Converse', 1, 500),
(34, 9, 'Quần short nam QSNTK302', 'https://traffic-edge38.cdn.vncdn.io/cdn-pos/d0f3ca-7136/ps/20221121_oBADwaMIubWBjNIB3Y5Sztfu.jpg', 600000, 'Chất liệu cotton thoải mái.', 'Converse', 1, 500),
(35, 9, 'Quần short nam QSNTK302', 'https://traffic-edge38.cdn.vncdn.io/cdn-pos/d0f3ca-7136/ps/20221121_oBADwaMIubWBjNIB3Y5Sztfu.jpg', 600000, 'Chất liệu cotton thoải mái.', 'Converse', 1, 500),
(36, 9, 'Quần short nam QSNTK302', 'https://traffic-edge38.cdn.vncdn.io/cdn-pos/d0f3ca-7136/ps/20221121_oBADwaMIubWBjNIB3Y5Sztfu.jpg', 600000, 'Chất liệu cotton thoải mái.', 'Converse', 1, 500),
(37, 9, 'Quần short nam QSNTK302', 'https://traffic-edge38.cdn.vncdn.io/cdn-pos/d0f3ca-7136/ps/20221121_oBADwaMIubWBjNIB3Y5Sztfu.jpg', 600000, 'Chất liệu cotton thoải mái.', 'Converse', 1, 500),
(38, 9, 'Quần short nam QSNTK302', 'https://traffic-edge38.cdn.vncdn.io/cdn-pos/d0f3ca-7136/ps/20221121_oBADwaMIubWBjNIB3Y5Sztfu.jpg', 600000, 'Chất liệu cotton thoải mái.', 'Converse', 1, 500),
(39, 9, 'Quần short nam QSNTK302', 'https://traffic-edge38.cdn.vncdn.io/cdn-pos/d0f3ca-7136/ps/20221121_oBADwaMIubWBjNIB3Y5Sztfu.jpg', 600000, 'Chất liệu cotton thoải mái.', 'Converse', 1, 500),
(40, 5, 'Postgresq', 'https://giayxshop.vn/wp-content/uploads/2018/12/xoa-phong-212.jpg', 40000, 'Chất lượng cao, cotton.', 'Converse', 1, 500),
(41, 5, 'Postgresq', 'https://giayxshop.vn/wp-content/uploads/2018/12/xoa-phong-212.jpg', 40000, 'Chất lượng cao, cotton.', 'Converse', 1, 500),
(42, 5, 'Postgresq', 'https://giayxshop.vn/wp-content/uploads/2018/12/xoa-phong-212.jpg', 40000, 'Chất lượng cao, cotton.', 'Converse', 1, 500),
(43, 5, 'Postgresq', 'https://giayxshop.vn/wp-content/uploads/2018/12/xoa-phong-212.jpg', 40000, 'Chất lượng cao, cotton.', 'Converse', 1, 500),
(44, 5, 'Postgresq', 'https://giayxshop.vn/wp-content/uploads/2018/12/xoa-phong-212.jpg', 40000, 'Chất lượng cao, cotton.', 'Converse', 1, 500),
(45, 5, 'Postgresq', 'https://giayxshop.vn/wp-content/uploads/2018/12/xoa-phong-212.jpg', 40000, 'Chất lượng cao, cotton.', 'Converse', 1, 500),
(46, 5, 'Postgresq', 'https://giayxshop.vn/wp-content/uploads/2018/12/xoa-phong-212.jpg', 40000, 'Chất lượng cao, cotton.', 'Converse', 1, 500),
(47, 5, 'Postgresq', 'https://giayxshop.vn/wp-content/uploads/2018/12/xoa-phong-212.jpg', 40000, 'Chất lượng cao, cotton.', 'Converse', 1, 500),
(48, 5, 'Postgresq', 'https://giayxshop.vn/wp-content/uploads/2018/12/xoa-phong-212.jpg', 40000, 'Chất lượng cao, cotton.', 'Converse', 1, 500),
(49, 5, 'Postgresq', 'https://giayxshop.vn/wp-content/uploads/2018/12/xoa-phong-212.jpg', 40000, 'Chất lượng cao, cotton.', 'Converse', 1, 500),
(50, 4, 'CHECK', 'https://360boutique.vn/wp-content/uploads/2022/03/QSNTK302-5.jpg', 20000, 'Chất liệu mát, thoải mái.', 'Xsport', 1, 500),
(51, 4, 'CHECK', 'https://360boutique.vn/wp-content/uploads/2022/03/QSNTK302-5.jpg', 20000, 'Chất liệu mát, thoải mái.', 'Xsport', 1, 500),
(52, 4, 'CHECK', 'https://360boutique.vn/wp-content/uploads/2022/03/QSNTK302-5.jpg', 20000, 'Chất liệu mát, thoải mái.', 'Xsport', 1, 500),
(53, 4, 'CHECK', 'https://360boutique.vn/wp-content/uploads/2022/03/QSNTK302-5.jpg', 20000, 'Chất liệu mát, thoải mái.', 'Xsport', 1, 500),
(54, 4, 'CHECK', 'https://360boutique.vn/wp-content/uploads/2022/03/QSNTK302-5.jpg', 20000, 'Chất liệu mát, thoải mái.', 'Xsport', 1, 500),
(55, 4, 'CHECK', 'https://360boutique.vn/wp-content/uploads/2022/03/QSNTK302-5.jpg', 20000, 'Chất liệu mát, thoải mái.', 'Xsport', 0, 500),
(56, 4, 'CHECK', 'https://360boutique.vn/wp-content/uploads/2022/03/QSNTK302-5.jpg', 20000, 'Chất liệu mát, thoải mái.', 'Xsport', 1, 500),
(57, 4, 'CHECK', 'https://360boutique.vn/wp-content/uploads/2022/03/QSNTK302-5.jpg', 20000, 'Chất liệu mát, thoải mái.', 'Xsport', 1, 500),
(58, 4, 'CHECK', 'https://360boutique.vn/wp-content/uploads/2022/03/QSNTK302-5.jpg', 20000, 'Chất liệu mát, thoải mái.', 'Xsport', 1, 500),
(59, 4, 'CHECK', 'https://360boutique.vn/wp-content/uploads/2022/03/QSNTK302-5.jpg', 20000, 'Chất liệu mát, thoải mái.', 'Xsport', 1, 500),
(60, 9, 'DEMO check', '', 200000, 'Chất liệu cotton thoải mái.', 'Xsport', 1, 5000),
(61, 9, 'DEMO', '', 200000, 'Chất liệu cotton thoải mái.', 'Xsport', 1, 5000),
(62, 9, 'DEMO', '', 200001, 'Chất liệu cotton thoải mái.', 'Xsport', 1, 5000),
(63, 9, 'DEMO', '', 200000, 'Chất liệu cotton thoải mái.', 'Xsport', 1, 5000),
(64, 9, 'DEMO', '', 200000, 'Chất liệu cotton thoải mái.', 'Xsport', 1, 5000),
(65, 9, 'DEMO2', 'https://thegioidotap.vn/wp-content/uploads/2020/12/tui-trong-the-thao-icado-hn2-5.png', 200000, 'Chất liệu cotton thoải mái.', 'Xsport', 0, 5000),
(66, 9, 'DEMO', 'https://thegioidotap.vn/wp-content/uploads/2020/12/tui-trong-the-thao-icado-hn2-5.png', 200000, 'Chất liệu cotton thoải mái.', 'Xsport', 1, 5000),
(67, 9, 'DEMO', 'https://thegioidotap.vn/wp-content/uploads/2020/12/tui-trong-the-thao-icado-hn2-5.png', 200000, 'Chất liệu cotton thoải mái.', 'Xsport', 1, 5000),
(68, 9, 'DEMO', 'https://thegioidotap.vn/wp-content/uploads/2020/12/tui-trong-the-thao-icado-hn2-5.png', 200000, 'Chất liệu cotton thoải mái.', 'Xsport', 1, 5000),
(69, 9, 'DEMO', 'https://thegioidotap.vn/wp-content/uploads/2020/12/tui-trong-the-thao-icado-hn2-5.png', 200000, 'Chất liệu cotton thoải mái.', 'Xsport', 1, 5000),
(70, 3, 'Thêm SSL', 'https://360boutique.vn/wp-content/uploads/2022/03/QSNTK302-5.jpg', 200000, 'descriptions', 'Converse', 1, 500),
(71, 2, 'Cafe gói', 'https://giayxshop.vn/wp-content/uploads/2018/12/xoa-phong-212.jpg', 200000, 'Chất liệu mát, thoải mái.', 'BALENCIAGA', 1, 400),
(72, 2, 'Cafe gói', 'https://giayxshop.vn/wp-content/uploads/2018/12/xoa-phong-212.jpg', 200000, 'Chất liệu mát, thoải mái.', 'BALENCIAGA', 1, 400),
(73, 2, 'Cafe gói', 'https://giayxshop.vn/wp-content/uploads/2018/12/xoa-phong-212.jpg', 200000, 'Chất liệu mát, thoải mái.', 'BALENCIAGA', 1, 400),
(74, 2, 'Cafe gói', 'https://giayxshop.vn/wp-content/uploads/2018/12/xoa-phong-212.jpg', 200000, 'Chất liệu mát, thoải mái.', 'BALENCIAGA', 1, 400),
(75, 2, 'Cafe gói', 'https://giayxshop.vn/wp-content/uploads/2018/12/xoa-phong-212.jpg', 200000, 'Chất liệu mát, thoải mái.', 'BALENCIAGA', 1, 400),
(76, 2, 'Cafe gói', 'https://giayxshop.vn/wp-content/uploads/2018/12/xoa-phong-212.jpg', 200000, 'Chất liệu mát, thoải mái.', 'BALENCIAGA', 1, 400),
(77, 2, 'ganimeshop', 'https://giayxshop.vn/wp-content/uploads/2018/12/xoa-phong-212.jpg', 100000, 'Chất liệu cotton thoải mái.', 'Xsport', 1, 500),
(78, 2, 'ganimeshop', 'https://giayxshop.vn/wp-content/uploads/2018/12/xoa-phong-212.jpg', 100000, 'Chất liệu cotton thoải mái.', 'Xsport', 1, 500),
(79, 2, 'ganimeshop', 'https://giayxshop.vn/wp-content/uploads/2018/12/xoa-phong-212.jpg', 100000, 'Chất liệu cotton thoải mái.', 'Xsport', 1, 500),
(80, 2, 'ganimeshop', 'https://giayxshop.vn/wp-content/uploads/2018/12/xoa-phong-212.jpg', 100000, 'Chất liệu cotton thoải mái.', 'Xsport', 1, 500),
(81, 2, 'ganimeshop', 'https://giayxshop.vn/wp-content/uploads/2018/12/xoa-phong-212.jpg', 100000, 'Chất liệu cotton thoải mái.', 'Xsport', 1, 500),
(82, 2, 'ganimeshop', 'https://giayxshop.vn/wp-content/uploads/2018/12/xoa-phong-212.jpg', 100000, 'Chất liệu cotton thoải mái.', 'Xsport', 1, 500),
(83, 2, 'ganimeshop', 'https://giayxshop.vn/wp-content/uploads/2018/12/xoa-phong-212.jpg', 100000, 'Chất liệu cotton thoải mái.', 'Xsport', 1, 500),
(84, 2, 'ganimeshop', 'https://giayxshop.vn/wp-content/uploads/2018/12/xoa-phong-212.jpg', 100000, 'Chất liệu cotton thoải mái.', 'Xsport', 1, 500),
(85, 2, 'ganimeshop', 'https://giayxshop.vn/wp-content/uploads/2018/12/xoa-phong-212.jpg', 100000, 'Chất liệu cotton thoải mái.', 'Xsport', 1, 500),
(86, 2, 'ganimeshop', 'https://giayxshop.vn/wp-content/uploads/2018/12/xoa-phong-212.jpg', 100000, 'Chất liệu cotton thoải mái.', 'Xsport', 1, 500),
(87, 2, 'IPHONE PRM', 'http://res.cloudinary.com/dyrc9s2gx/image/upload/v1695046774/fzxf5leootaypr7c377h.jpg', 200000, 'Chất liệu mát, thoải mái.', 'Xsport', 1, 200),
(88, 9, 'Cô gói Màu sắc', 'http://res.cloudinary.com/dwbx0ov8v/image/upload/v1691932717/xmsoyhtoe9usoqeu4xml.jpg', 2000, 'Chất lượng cao, cotton.', 'Xsport', 1, 20),
(89, 6, 'SP CHECK', '', 20000, 'Chất lượng cao, cotton.', 'UNISEX', 1, 50);

-- --------------------------------------------------------

--
-- Table structure for table `product_color`
--

CREATE TABLE `product_color` (
  `id` int(11) NOT NULL,
  `color_id` int(11) NOT NULL,
  `product_id` int(11) NOT NULL
) ENGINE=InnoDB DEFAULT CHARSET=utf8mb4;

--
-- Dumping data for table `product_color`
--

INSERT INTO `product_color` (`id`, `color_id`, `product_id`) VALUES
(20, 1, 20),
(24, 4, 26),
(25, 4, 26),
(26, 4, 26),
(27, 4, 26),
(28, 4, 26),
(29, 4, 26),
(30, 4, 26),
(31, 4, 26),
(32, 4, 26),
(33, 4, 26),
(34, 4, 27),
(35, 4, 27),
(36, 4, 27),
(37, 4, 27),
(38, 4, 27),
(39, 4, 27),
(40, 4, 27),
(41, 4, 27),
(42, 4, 27),
(43, 4, 27),
(44, 5, 28),
(45, 5, 28),
(46, 5, 28),
(47, 5, 28),
(48, 5, 28),
(49, 5, 28),
(50, 5, 28),
(51, 5, 28),
(52, 5, 28),
(53, 5, 28),
(54, 1, 29),
(55, 1, 29),
(56, 1, 29),
(57, 1, 29),
(58, 1, 29),
(59, 1, 29),
(60, 1, 29),
(61, 1, 29),
(62, 1, 29),
(63, 1, 29),
(70, 7, 66),
(71, 7, 67),
(72, 7, 68),
(73, 7, 69),
(74, 6, 70),
(75, 4, 71),
(76, 4, 72),
(77, 4, 73),
(78, 4, 74),
(79, 4, 75),
(80, 4, 76),
(81, 1, 77),
(82, 1, 78),
(83, 1, 79),
(84, 1, 80),
(85, 1, 81),
(86, 1, 82),
(87, 1, 83),
(88, 1, 84),
(89, 1, 85),
(90, 1, 86),
(92, 4, 87),
(93, 5, 87),
(98, 2, 20),
(99, 3, 20);

-- --------------------------------------------------------

--
-- Table structure for table `product_size`
--

CREATE TABLE `product_size` (
  `id` int(11) NOT NULL,
  `id_product` int(11) NOT NULL,
  `id_size` int(11) NOT NULL
) ENGINE=InnoDB DEFAULT CHARSET=utf8mb4;

--
-- Dumping data for table `product_size`
--

INSERT INTO `product_size` (`id`, `id_product`, `id_size`) VALUES
(1, 8, 4),
(2, 8, 3),
(3, 17, 3),
(4, 18, 2),
(5, 15, 5),
(6, 5, 3),
(7, 7, 5),
(8, 9, 3),
(9, 3, 2),
(10, 12, 5),
(11, 2, 4),
(12, 10, 3),
(13, 1, 5),
(14, 1, 3),
(15, 16, 5),
(16, 16, 3),
(17, 13, 5),
(18, 6, 2),
(21, 19, 3),
(22, 22, 2),
(23, 23, 3),
(24, 24, 3),
(25, 25, 3),
(26, 26, 3),
(27, 26, 3),
(28, 26, 3),
(29, 26, 3),
(30, 26, 3),
(31, 26, 3),
(32, 26, 3),
(33, 26, 3),
(34, 26, 3),
(35, 26, 3),
(36, 27, 4),
(37, 27, 4),
(38, 27, 4),
(39, 27, 4),
(40, 27, 4),
(41, 27, 4),
(42, 27, 4),
(43, 27, 4),
(44, 27, 4),
(45, 27, 4),
(46, 28, 4),
(47, 28, 4),
(48, 28, 4),
(49, 28, 4),
(50, 28, 4),
(51, 28, 4),
(52, 28, 4),
(53, 28, 4),
(54, 28, 4),
(55, 28, 4),
(56, 29, 4),
(57, 29, 4),
(58, 29, 4),
(59, 29, 4),
(60, 29, 4),
(61, 29, 4),
(62, 29, 4),
(63, 29, 4),
(64, 29, 4),
(65, 29, 4),
(67, 60, 4),
(68, 61, 4),
(69, 62, 4),
(70, 63, 4),
(71, 64, 4),
(72, 65, 4),
(73, 66, 4),
(74, 67, 4),
(75, 68, 4),
(76, 69, 4),
(77, 70, 5),
(78, 71, 4),
(79, 72, 4),
(80, 73, 4),
(81, 74, 4),
(82, 75, 4),
(83, 76, 4),
(84, 77, 3),
(85, 78, 3),
(86, 79, 3),
(87, 80, 3),
(88, 81, 3),
(89, 82, 3),
(90, 83, 3),
(91, 84, 3),
(92, 85, 3),
(94, 87, 3),
(97, 88, 2),
(98, 88, 4),
(99, 89, 3),
(100, 89, 4),
(101, 20, 2),
(102, 20, 6);

-- --------------------------------------------------------

--
-- Table structure for table `role`
--

CREATE TABLE `role` (
  `id` int(11) NOT NULL,
  `name` varchar(255) NOT NULL
) ENGINE=InnoDB DEFAULT CHARSET=utf8mb4;

--
-- Dumping data for table `role`
--

INSERT INTO `role` (`id`, `name`) VALUES
(1, 'QUẢN LÝ'),
(2, 'NHÂN VIÊN'),
(3, 'KHÁCH HÀNG');

-- --------------------------------------------------------

--
-- Table structure for table `size`
--

CREATE TABLE `size` (
  `id` int(11) NOT NULL,
  `name` varchar(10) NOT NULL,
  `descriptions` varchar(255) NOT NULL,
  `status` int(11) NOT NULL
) ENGINE=InnoDB DEFAULT CHARSET=utf8mb4;

--
-- Dumping data for table `size`
--

INSERT INTO `size` (`id`, `name`, `descriptions`, `status`) VALUES
(1, 'XS', 'Size XS (Extra Small): Kích thước quần áo siêu nhỏ', 1),
(2, 'S', 'Size S (Small): Kích thước quần áo nhỏ', 1),
(3, 'M', 'Size M (Medium): Kích thước quần áo vừa phải', 1),
(4, 'L', 'Size L (Large): Kích thước quần áo lớn', 1),
(5, 'XL', 'Size XL, XXL, XXXL: Kích thước quần áo cực lớn.', 1),
(6, 'XXK', 'Kích cỡ tối đa', 1),
(7, 'oke', 'Chất liệu cao cấp, bền đẹp theo thời gian. Thiết kế thời trang. Kiểu dáng phong cách. Độ bền cao. Dễ phối đồ.', 1);

-- --------------------------------------------------------

--
-- Table structure for table `user`
--

CREATE TABLE `user` (
  `id` int(11) NOT NULL,
  `fullname` varchar(255) NOT NULL,
  `username` varchar(255) NOT NULL,
  `email` varchar(255) NOT NULL,
  `password` varchar(255) NOT NULL,
  `status` int(11) NOT NULL,
  `avatar` varchar(255) NOT NULL,
  `phone` varchar(255) NOT NULL
) ENGINE=InnoDB DEFAULT CHARSET=utf8mb4;

--
-- Dumping data for table `user`
--

INSERT INTO `user` (`id`, `fullname`, `username`, `email`, `password`, `status`, `avatar`, `phone`) VALUES
(1, 'Lê Văn Nam', 'namlv', 'admin@gmail.com', '$2a$10$o1eBTGWx/ZyTmu7ua0kFHuK8wW6HrVQTvqzhjBwXKVSyZZqWkQ4aO', 1, 'https://kynguyenlamdep.com/wp-content/uploads/2022/08/anh-dai-dien-anime-cho-nam.jpg', ''),
(2, 'Văn Văn Hùng', 'hungnv', 'hungnv@gmail.com', '$2a$10$PnAz1zTRtTw./YNGf27tWOLQ9.QPVts8DLmxiDy6TYIUq9FqPuHq2', 1, 'https://tourchaua.net/wp-content/uploads/2021/12/avatar-buon-tam-trang-cho-nam.jpg', ''),
(3, 'Nguyễn Văn Lâm', 'lamnv', 'trinv@gmail.com', '$2a$10$wIqmicLd4oGqZcc3u59Mr.exzg35Vw/WDNIcoP6Bb/AD1ViOjiXEm', 1, 'https://anhdepfree.com/wp-content/uploads/2019/08/anh-dai-dien-boy.jpg', ''),
(4, 'Lê Thị Kim', 'kimlt', 'lekim@gmail.com', '$2a$12$XUuWbQTk25KqRukGlM63euTHHmwlkiImBYSXJAlCpNx7XOG87V8bG', 1, 'https://khoinguonsangtao.vn/wp-content/uploads/2022/05/anh-avatar-dep-ngau-hinh-dai-dien.jpg', '0389999999'),
(5, 'Văn Phong 3', 'phongnv3', 'phongnv3@gmail.com', '$2a$10$SPd9CWZHDaRkN8BJ9SCu0e0udbhKxMugypA3JP.gsoNM/6h14YeOe', 1, 'https://sm.ign.com/ign_nordic/cover/a/avatar-gen/avatar-generations_prsz.jpg', ''),
(7, 'Kiệt Nguyễn', 'kietnv', 'kietnv@gmail.com', '$2a$10$lklJFzd.6A2jhpz.3hKYmeEu9.5QHi8jh2wcbHPfLV4kd6Mw1bnyC', 1, 'https://antimatter.vn/wp-content/uploads/2023/01/hinh-anh-avatar-dep-cute-ngau.jpg', '0325468127'),
(8, 'Mr T', 'mrt', 'mrt@gmail.com', '$2a$10$s.qyYo0pJasbUGMbw75/ieiPDRT7j/jCBkrVlagQAsp0OCtXhPEWW', 1, 'https://ui-avatars.com/api/?background=0D8ABC&color=fff&name=avatar', ''),
(9, 'Mr T2', 'mrt2', 'mrt2@gmail.com', '$2a$10$hzpkihHMD/bDu/PwD2Yu2uXnXgzfYkayXhfAuNXo91Xy/3WSbrZSa', 1, 'https://ui-avatars.com/api/?background=0D8ABC&color=fff&name=avatar', '0383927182'),
(10, 'Mr T3', 'mrt3', 'mrt3@gmail.com', '$2a$10$i0QZWXzYXaZF/tB8.unvr.R24bqt.d3iUXI3u1lsLXqRJT2MY0oem', 0, 'https://ui-avatars.com/api/?background=0D8ABC&color=fff&name=avatar', ''),
(11, 'thanhyou00', 'namlv22222', 'oke@gmail.com', '$2a$10$IWBewV7lHLZjHXJA/g1ww.B7pzHjzuseI1Ss6NGb.YoojYMwzw1DG', 1, 'https://ui-avatars.com/api/?background=0D8ABC&color=fff&name=avatar', ''),
(12, 'thanhyou00', 'namlv2222', 'oke@gmail.com', '$2a$10$qwmX0SCTeBZ7jPKwjlqkWe0gswGGoNr/R1WFpG0bHV47i5JAj6XhC', 1, 'https://ui-avatars.com/api/?background=0D8ABC&color=fff&name=avatar', ''),
(13, 'Trinh Van Nam2', 'namlvokkk', 'keke@gmail.com', '$2a$10$kw9R4T9PCuABJQTKvB7HEOMJlZhG6zEAItzfcVJ6sbOopxR5QlqZW', 1, 'https://ui-avatars.com/api/?background=0D8ABC&color=fff&name=avatar', ''),
(14, 'thanhyou00222', 'thanhyou00222', 'thanhyou00@gmail.com', '$2a$10$Vun2JezPwTmrFlH4Kq5Za.txEUmycGSxGZ.8ILLWgQy.an31mATaS', 1, 'https://ui-avatars.com/api/?background=0D8ABC&color=fff&name=avatar', ''),
(15, 'thanhyou00222', 'thanhyou00222', 'thanhyou00@gmail.com', '$2a$10$2CRMQeTF0L/VlR/rpDhQ9epGRwXbSAjByA8Av6vub5283VCGesr/O', 1, 'https://ui-avatars.com/api/?background=0D8ABC&color=fff&name=avatar', ''),
(16, 'thanhyou00222', 'thanhyou00222', 'thanhyou00@gmail.com', '$2a$10$nJxE/UdIwwlyV3aFONfcdu77/f9vsorUJKD.kgpRcBoRQ1K43nI1i', 1, 'https://ui-avatars.com/api/?background=0D8ABC&color=fff&name=avatar', ''),
(17, 'Lê Hương', 'atstore', 'atstore@gmail.com', '$2a$10$qh53E47bAgrcoE5U5ba/zOr3eyawgORvHXOkw0qmQTPHkhHAC09aC', 1, 'https://ui-avatars.com/api/?background=0D8ABC&color=fff&name=atStore', ''),
(18, 'Lê Hương', 'atstore', 'atstore@gmail.com', '$2a$10$qh53E47bAgrcoE5U5ba/zOr3eyawgORvHXOkw0qmQTPHkhHAC09aC', 1, 'https://ui-avatars.com/api/?background=0D8ABC&color=fff&name=atStore', ''),
(19, 'Lê HM', 'atstore', 'atstore@gmail.com', '$2a$10$qh53E47bAgrcoE5U5ba/zOr3eyawgORvHXOkw0qmQTPHkhHAC09aC', 1, 'https://ui-avatars.com/api/?background=0D8ABC&color=fff&name=atStore', ''),
(20, 'Lê HM', 'atstore', 'atstore@gmail.com', '$2a$10$qh53E47bAgrcoE5U5ba/zOr3eyawgORvHXOkw0qmQTPHkhHAC09aC', 1, 'https://ui-avatars.com/api/?background=0D8ABC&color=fff&name=atStore', ''),
(21, 'demo222', 'atstore', 'atstore@gmail.com', '$2a$10$qh53E47bAgrcoE5U5ba/zOr3eyawgORvHXOkw0qmQTPHkhHAC09aC', 1, 'https://ui-avatars.com/api/?background=0D8ABC&color=fff&name=atStore', ''),
(22, 'Checkk', 'checkk', 'check@gmail.com', '$2a$10$36sI4vpN49L1/JkAOCI6UurhurWoPr5YjjYOqGBPLfavZFlrMWyfC', 1, 'https://ui-avatars.com/api/?background=0D8ABC&color=fff&name=avatar', ''),
(23, 'Văn Phong 4', 'phongnv4', 'phongnv4@gmail.com', '$2a$10$9tAK6vHMyTvoYcpbfHspzeIICbLTu464TX.CQ6gpUY6I3d1cKi/fi', 1, 'https://ui-avatars.com/api/?background=0D8ABC&color=fff&name=avatar', ''),
(24, 'Văn Phong 4', 'phongnv4', 'phongnv4@gmail.com', '$2a$10$sXPaLdPlTJEb2gMqdYBt2eGrXGzO7.Hxmm8PyOLZufxcZLcgvLPCS', 1, 'https://ui-avatars.com/api/?background=0D8ABC&color=fff&name=avatar', ''),
(25, 'Mua tại quầy', 'atstore', 'atstore@gmail.com', '$2a$10$qh53E47bAgrcoE5U5ba/zOr3eyawgORvHXOkw0qmQTPHkhHAC09aC', 1, 'https://ui-avatars.com/api/?background=0D8ABC&color=fff&name=atStore', ''),
(26, 'Mua tại quầy', 'atstore', 'atstore@gmail.com', '$2a$10$qh53E47bAgrcoE5U5ba/zOr3eyawgORvHXOkw0qmQTPHkhHAC09aC', 1, 'https://ui-avatars.com/api/?background=0D8ABC&color=fff&name=atStore', ''),
(27, 'Mua tại quầy', 'atstore', 'atstore@gmail.com', '$2a$10$qh53E47bAgrcoE5U5ba/zOr3eyawgORvHXOkw0qmQTPHkhHAC09aC', 1, 'https://ui-avatars.com/api/?background=0D8ABC&color=fff&name=atStore', ''),
(28, 'Mua tại quầy', 'atstore', 'atstore@gmail.com', '$2a$10$qh53E47bAgrcoE5U5ba/zOr3eyawgORvHXOkw0qmQTPHkhHAC09aC', 1, 'https://ui-avatars.com/api/?background=0D8ABC&color=fff&name=atStore', ''),
(29, 'Mua tại quầy', 'atstore', 'atstore@gmail.com', '$2a$10$qh53E47bAgrcoE5U5ba/zOr3eyawgORvHXOkw0qmQTPHkhHAC09aC', 1, 'https://ui-avatars.com/api/?background=0D8ABC&color=fff&name=atStore', ''),
(30, 'Mua tại quầy', 'atstore', 'atstore@gmail.com', '$2a$10$qh53E47bAgrcoE5U5ba/zOr3eyawgORvHXOkw0qmQTPHkhHAC09aC', 1, 'https://ui-avatars.com/api/?background=0D8ABC&color=fff&name=atStore', ''),
(31, 'Mua tại quầy', 'atstore', 'atstore@gmail.com', '$2a$10$qh53E47bAgrcoE5U5ba/zOr3eyawgORvHXOkw0qmQTPHkhHAC09aC', 1, 'https://ui-avatars.com/api/?background=0D8ABC&color=fff&name=atStore', ''),
(32, 'Mua tại quầy', 'atstore', 'atstore@gmail.com', '$2a$10$qh53E47bAgrcoE5U5ba/zOr3eyawgORvHXOkw0qmQTPHkhHAC09aC', 1, 'https://ui-avatars.com/api/?background=0D8ABC&color=fff&name=atStore', ''),
(33, 'Mua tại quầy', 'atstore', 'atstore@gmail.com', '$2a$10$qh53E47bAgrcoE5U5ba/zOr3eyawgORvHXOkw0qmQTPHkhHAC09aC', 1, 'https://ui-avatars.com/api/?background=0D8ABC&color=fff&name=atStore', ''),
(34, 'Mua tại quầy', 'atstore', 'atstore@gmail.com', '$2a$10$qh53E47bAgrcoE5U5ba/zOr3eyawgORvHXOkw0qmQTPHkhHAC09aC', 1, 'https://ui-avatars.com/api/?background=0D8ABC&color=fff&name=atStore', ''),
(35, 'Mua tại quầy', 'atstore', 'atstore@gmail.com', '$2a$10$qh53E47bAgrcoE5U5ba/zOr3eyawgORvHXOkw0qmQTPHkhHAC09aC', 1, 'https://ui-avatars.com/api/?background=0D8ABC&color=fff&name=atStore', ''),
(36, 'Mua tại quầy', 'atstore', 'atstore@gmail.com', '$2a$10$qh53E47bAgrcoE5U5ba/zOr3eyawgORvHXOkw0qmQTPHkhHAC09aC', 1, 'https://ui-avatars.com/api/?background=0D8ABC&color=fff&name=atStore', ''),
(37, 'Khách hàng 1', 'atstore', 'atstore@gmail.com', '$2a$10$qh53E47bAgrcoE5U5ba/zOr3eyawgORvHXOkw0qmQTPHkhHAC09aC', 1, 'https://ui-avatars.com/api/?background=0D8ABC&color=fff&name=atStore', ''),
(38, 'Khách hàng 1', 'atstore', 'atstore@gmail.com', '$2a$10$qh53E47bAgrcoE5U5ba/zOr3eyawgORvHXOkw0qmQTPHkhHAC09aC', 1, 'https://ui-avatars.com/api/?background=0D8ABC&color=fff&name=atStore', ''),
(39, 'TẠI QUẦY', 'atstore', 'atstore@gmail.com', '$2a$10$qh53E47bAgrcoE5U5ba/zOr3eyawgORvHXOkw0qmQTPHkhHAC09aC', 1, 'https://ui-avatars.com/api/?background=0D8ABC&color=fff&name=atStore', ''),
(40, 'TẠI QUẦY', 'atstore', 'atstore@gmail.com', '$2a$10$qh53E47bAgrcoE5U5ba/zOr3eyawgORvHXOkw0qmQTPHkhHAC09aC', 1, 'https://ui-avatars.com/api/?background=0D8ABC&color=fff&name=atStore', ''),
(41, 'LẦN CUỐI MUA', 'atstore', 'atstore@gmail.com', '$2a$10$qh53E47bAgrcoE5U5ba/zOr3eyawgORvHXOkw0qmQTPHkhHAC09aC', 1, 'https://ui-avatars.com/api/?background=0D8ABC&color=fff&name=atStore', ''),
(42, 'Tên khách hàng', 'atstore', 'atstore@gmail.com', '$2a$10$qh53E47bAgrcoE5U5ba/zOr3eyawgORvHXOkw0qmQTPHkhHAC09aC', 1, 'https://ui-avatars.com/api/?background=0D8ABC&color=fff&name=atStore', ''),
(43, 'thanhyou00', 'atstore', 'atstore@gmail.com', '$2a$10$qh53E47bAgrcoE5U5ba/zOr3eyawgORvHXOkw0qmQTPHkhHAC09aC', 1, 'https://ui-avatars.com/api/?background=0D8ABC&color=fff&name=atStore', ''),
(44, 'Kiệt Nguyễn', 'atstore', 'atstore@gmail.com', '$2a$10$qh53E47bAgrcoE5U5ba/zOr3eyawgORvHXOkw0qmQTPHkhHAC09aC', 1, 'https://ui-avatars.com/api/?background=0D8ABC&color=fff&name=atStore', ''),
(45, 'thanhyou00', 'atstore', 'atstore@gmail.com', '$2a$10$qh53E47bAgrcoE5U5ba/zOr3eyawgORvHXOkw0qmQTPHkhHAC09aC', 1, 'https://ui-avatars.com/api/?background=0D8ABC&color=fff&name=atStore', ''),
(46, 'Ganimeshop', 'atstore', 'atstore@gmail.com', '$2a$10$qh53E47bAgrcoE5U5ba/zOr3eyawgORvHXOkw0qmQTPHkhHAC09aC', 1, 'https://ui-avatars.com/api/?background=0D8ABC&color=fff&name=atStore', ''),
(47, 'Mua SLL', 'atstore', 'atstore@gmail.com', '$2a$10$qh53E47bAgrcoE5U5ba/zOr3eyawgORvHXOkw0qmQTPHkhHAC09aC', 1, 'https://ui-avatars.com/api/?background=0D8ABC&color=fff&name=atStore', ''),
(48, 'Mua SLL', 'atstore', 'atstore@gmail.com', '$2a$10$qh53E47bAgrcoE5U5ba/zOr3eyawgORvHXOkw0qmQTPHkhHAC09aC', 1, 'https://ui-avatars.com/api/?background=0D8ABC&color=fff&name=atStore', ''),
(49, 'Mua SLL22', 'atstore', 'atstore@gmail.com', '$2a$10$qh53E47bAgrcoE5U5ba/zOr3eyawgORvHXOkw0qmQTPHkhHAC09aC', 1, 'https://ui-avatars.com/api/?background=0D8ABC&color=fff&name=atStore', ''),
(50, 'Mua SLL22', 'atstore', 'atstore@gmail.com', '$2a$10$qh53E47bAgrcoE5U5ba/zOr3eyawgORvHXOkw0qmQTPHkhHAC09aC', 1, 'https://ui-avatars.com/api/?background=0D8ABC&color=fff&name=atStore', ''),
(51, 'Spm', '0384555555', 'atstore@gmail.com', '$2a$10$qh53E47bAgrcoE5U5ba/zOr3eyawgORvHXOkw0qmQTPHkhHAC09aC', 1, 'https://ui-avatars.com/api/?background=0D8ABC&color=fff&name=atStore', ''),
(52, 'spm2', '0386666666', 'atstore@gmail.com', '$2a$10$qh53E47bAgrcoE5U5ba/zOr3eyawgORvHXOkw0qmQTPHkhHAC09aC', 1, 'https://ui-avatars.com/api/?background=0D8ABC&color=fff&name=atStore', ''),
(53, 'spm3', '0389999999', 'atstore@gmail.com', '$2a$10$qh53E47bAgrcoE5U5ba/zOr3eyawgORvHXOkw0qmQTPHkhHAC09aC', 1, 'https://ui-avatars.com/api/?background=0D8ABC&color=fff&name=atStore', ''),
(54, 'thanhyou00', '0338888888', 'atstore@gmail.com', '$2a$10$qh53E47bAgrcoE5U5ba/zOr3eyawgORvHXOkw0qmQTPHkhHAC09aC', 1, 'https://ui-avatars.com/api/?background=0D8ABC&color=fff&name=atStore', ''),
(55, 'thanhyou00', '0338888888', 'atstore@gmail.com', '$2a$10$qh53E47bAgrcoE5U5ba/zOr3eyawgORvHXOkw0qmQTPHkhHAC09aC', 1, 'https://ui-avatars.com/api/?background=0D8ABC&color=fff&name=atStore', ''),
(56, 'Check lần cuối', '0326499999', 'atstore@gmail.com', '$2a$10$qh53E47bAgrcoE5U5ba/zOr3eyawgORvHXOkw0qmQTPHkhHAC09aC', 1, 'https://ui-avatars.com/api/?background=0D8ABC&color=fff&name=atStore', ''),
(57, 'MUA TẠI QUẦY', '0338888888', 'atstore@gmail.com', '$2a$10$qh53E47bAgrcoE5U5ba/zOr3eyawgORvHXOkw0qmQTPHkhHAC09aC', 1, 'https://ui-avatars.com/api/?background=0D8ABC&color=fff&name=atStore', ''),
(58, 'QTER', '0338888888', 'atstore@gmail.com', '$2a$10$qh53E47bAgrcoE5U5ba/zOr3eyawgORvHXOkw0qmQTPHkhHAC09aC', 1, 'https://ui-avatars.com/api/?background=0D8ABC&color=fff&name=atStore', ''),
(59, 'Người dùng 1', 'User1', 'ngdung1@gmail.com', '$2a$10$BgcgeI1EXSnlneH0U1CZTOSQGIZ0RNYhhjNnRR5u1Oqp80okBQv0K', 1, 'https://ui-avatars.com/api/?background=0D8ABC&color=fff&name=avatar', ''),
(60, 'NVT', '0328888888', 'atstore@gmail.com', '$2a$10$qh53E47bAgrcoE5U5ba/zOr3eyawgORvHXOkw0qmQTPHkhHAC09aC', 1, 'https://ui-avatars.com/api/?background=0D8ABC&color=fff&name=atStore', '0328888888'),
(61, 'NVT', '0328888888', 'atstore@gmail.com', '$2a$10$qh53E47bAgrcoE5U5ba/zOr3eyawgORvHXOkw0qmQTPHkhHAC09aC', 1, 'https://ui-avatars.com/api/?background=0D8ABC&color=fff&name=atStore', '0328888888'),
(62, 'NVT', '0328888888', 'atstore@gmail.com', '$2a$10$qh53E47bAgrcoE5U5ba/zOr3eyawgORvHXOkw0qmQTPHkhHAC09aC', 1, 'https://ui-avatars.com/api/?background=0D8ABC&color=fff&name=atStore', '0328888888'),
(63, 'Kiệt Nguyễn', '0325468127', 'atstore@gmail.com', '$2a$10$qh53E47bAgrcoE5U5ba/zOr3eyawgORvHXOkw0qmQTPHkhHAC09aC', 1, 'https://ui-avatars.com/api/?background=0D8ABC&color=fff&name=atStore', '0325468127'),
(64, 'Lê Thị Kim', '0389999999', 'atstore@gmail.com', '$2a$10$qh53E47bAgrcoE5U5ba/zOr3eyawgORvHXOkw0qmQTPHkhHAC09aC', 1, 'https://ui-avatars.com/api/?background=0D8ABC&color=fff&name=atStore', '0389999999'),
(65, 'Spm', '0323333333', 'atstore@gmail.com', '$2a$10$qh53E47bAgrcoE5U5ba/zOr3eyawgORvHXOkw0qmQTPHkhHAC09aC', 1, 'https://ui-avatars.com/api/?background=0D8ABC&color=fff&name=atStore', '0323333333'),
(66, 'Kiệt Nguyễn', '0325468127', 'atstore@gmail.com', '$2a$10$qh53E47bAgrcoE5U5ba/zOr3eyawgORvHXOkw0qmQTPHkhHAC09aC', 1, 'https://ui-avatars.com/api/?background=0D8ABC&color=fff&name=atStore', '0325468127');

-- --------------------------------------------------------

--
-- Table structure for table `vouchers`
--

CREATE TABLE `vouchers` (
  `id` int(11) NOT NULL,
  `code` varchar(12) NOT NULL,
  `sale` int(11) NOT NULL,
  `date_start` datetime NOT NULL,
  `date_end` datetime NOT NULL,
  `user_id` int(11) NOT NULL,
  `quantity` int(11) NOT NULL,
  `status` int(11) NOT NULL
) ENGINE=InnoDB DEFAULT CHARSET=utf8mb4;

--
-- Dumping data for table `vouchers`
--

INSERT INTO `vouchers` (`id`, `code`, `sale`, `date_start`, `date_end`, `user_id`, `quantity`, `status`) VALUES
(1, 'A2NCB56KMNM9', 40, '2023-02-27 11:07:00', '2023-05-28 11:07:00', 1, 100, 0),
(2, 'A4NCB56KKNM8', 20, '2023-02-27 16:33:00', '2023-03-08 16:33:00', 1, 2, 0),
(3, 'NV928CMNSJK2', 50, '2023-02-27 16:44:00', '2023-03-16 16:45:00', 1, 76, 0),
(4, 'ABCDEFGHJK12', 20, '2023-07-01 20:32:00', '2023-07-29 20:33:00', 1, 20, 0),
(5, 'mmmmmmmmmmmm', 20, '2023-08-03 16:20:47', '2023-08-25 16:20:49', 1, 500, 0),
(6, '025200005692', 40, '2023-08-03 16:27:50', '2023-08-03 16:27:52', 1, 200, 0),
(7, 'ABCDNEFKC222', 40, '2023-08-05 01:29:26', '2023-08-23 01:29:31', 1, 500, 0),
(8, 'AKDMSH2MSBSK', 50, '2023-08-04 01:30:46', '2023-08-18 01:30:49', 1, 500, 0),
(9, 'AKDMSH2MSBS2', 10, '2023-08-06 02:15:35', '2023-08-16 02:15:39', 1, 500, 0),
(10, 'SHOPX2222222', 20, '2023-08-28 15:54:41', '2023-08-31 15:54:44', 1, 500, 0),
(11, '025200005693', 20, '2023-09-05 07:02:13', '2023-09-22 07:02:23', 1, 493, 1);

--
-- Indexes for dumped tables
--

--
-- Indexes for table `authority`
--
ALTER TABLE `authority`
  ADD PRIMARY KEY (`id`),
  ADD KEY `user_id` (`user_id`),
  ADD KEY `roles_id` (`role_id`);

--
-- Indexes for table `category`
--
ALTER TABLE `category`
  ADD PRIMARY KEY (`id`);

--
-- Indexes for table `color`
--
ALTER TABLE `color`
  ADD PRIMARY KEY (`id`);

--
-- Indexes for table `contact`
--
ALTER TABLE `contact`
  ADD PRIMARY KEY (`id`);

--
-- Indexes for table `favourite`
--
ALTER TABLE `favourite`
  ADD PRIMARY KEY (`id`),
  ADD KEY `u_id` (`user_id`),
  ADD KEY `p_id` (`product_id`);

--
-- Indexes for table `feedback`
--
ALTER TABLE `feedback`
  ADD PRIMARY KEY (`id`),
  ADD KEY `user_id2` (`user_id`),
  ADD KEY `product_id3` (`product_id`);

--
-- Indexes for table `orders`
--
ALTER TABLE `orders`
  ADD PRIMARY KEY (`id`),
  ADD KEY `user_id3` (`user_id`),
  ADD KEY `product_id` (`product_id`);

--
-- Indexes for table `order_detail`
--
ALTER TABLE `order_detail`
  ADD PRIMARY KEY (`id`),
  ADD KEY `order_id` (`order_id`);

--
-- Indexes for table `product`
--
ALTER TABLE `product`
  ADD PRIMARY KEY (`id`),
  ADD KEY `category_id` (`category_id`);

--
-- Indexes for table `product_color`
--
ALTER TABLE `product_color`
  ADD PRIMARY KEY (`id`),
  ADD KEY `id_product_fk` (`product_id`),
  ADD KEY `id_color` (`color_id`);

--
-- Indexes for table `product_size`
--
ALTER TABLE `product_size`
  ADD PRIMARY KEY (`id`),
  ADD KEY `id_product` (`id_product`),
  ADD KEY `id_size` (`id_size`);

--
-- Indexes for table `role`
--
ALTER TABLE `role`
  ADD PRIMARY KEY (`id`);

--
-- Indexes for table `size`
--
ALTER TABLE `size`
  ADD PRIMARY KEY (`id`);

--
-- Indexes for table `user`
--
ALTER TABLE `user`
  ADD PRIMARY KEY (`id`);

--
-- Indexes for table `vouchers`
--
ALTER TABLE `vouchers`
  ADD PRIMARY KEY (`id`),
  ADD KEY `user_id33` (`user_id`);

--
-- AUTO_INCREMENT for dumped tables
--

--
-- AUTO_INCREMENT for table `authority`
--
ALTER TABLE `authority`
  MODIFY `id` int(11) NOT NULL AUTO_INCREMENT, AUTO_INCREMENT=73;

--
-- AUTO_INCREMENT for table `category`
--
ALTER TABLE `category`
  MODIFY `id` int(11) NOT NULL AUTO_INCREMENT, AUTO_INCREMENT=13;

--
-- AUTO_INCREMENT for table `color`
--
ALTER TABLE `color`
  MODIFY `id` int(11) NOT NULL AUTO_INCREMENT, AUTO_INCREMENT=13;

--
-- AUTO_INCREMENT for table `contact`
--
ALTER TABLE `contact`
  MODIFY `id` int(11) NOT NULL AUTO_INCREMENT, AUTO_INCREMENT=12;

--
-- AUTO_INCREMENT for table `favourite`
--
ALTER TABLE `favourite`
  MODIFY `id` int(11) NOT NULL AUTO_INCREMENT, AUTO_INCREMENT=32;

--
-- AUTO_INCREMENT for table `feedback`
--
ALTER TABLE `feedback`
  MODIFY `id` int(11) NOT NULL AUTO_INCREMENT, AUTO_INCREMENT=9;

--
-- AUTO_INCREMENT for table `orders`
--
ALTER TABLE `orders`
  MODIFY `id` int(11) NOT NULL AUTO_INCREMENT, AUTO_INCREMENT=247;

--
-- AUTO_INCREMENT for table `order_detail`
--
ALTER TABLE `order_detail`
  MODIFY `id` int(11) NOT NULL AUTO_INCREMENT, AUTO_INCREMENT=210;

--
-- AUTO_INCREMENT for table `product`
--
ALTER TABLE `product`
  MODIFY `id` int(11) NOT NULL AUTO_INCREMENT, AUTO_INCREMENT=90;

--
-- AUTO_INCREMENT for table `product_color`
--
ALTER TABLE `product_color`
  MODIFY `id` int(11) NOT NULL AUTO_INCREMENT, AUTO_INCREMENT=100;

--
-- AUTO_INCREMENT for table `product_size`
--
ALTER TABLE `product_size`
  MODIFY `id` int(11) NOT NULL AUTO_INCREMENT, AUTO_INCREMENT=103;

--
-- AUTO_INCREMENT for table `role`
--
ALTER TABLE `role`
  MODIFY `id` int(11) NOT NULL AUTO_INCREMENT, AUTO_INCREMENT=4;

--
-- AUTO_INCREMENT for table `size`
--
ALTER TABLE `size`
  MODIFY `id` int(11) NOT NULL AUTO_INCREMENT, AUTO_INCREMENT=8;

--
-- AUTO_INCREMENT for table `user`
--
ALTER TABLE `user`
  MODIFY `id` int(11) NOT NULL AUTO_INCREMENT, AUTO_INCREMENT=67;

--
-- AUTO_INCREMENT for table `vouchers`
--
ALTER TABLE `vouchers`
  MODIFY `id` int(11) NOT NULL AUTO_INCREMENT, AUTO_INCREMENT=12;

--
-- Constraints for dumped tables
--

--
-- Constraints for table `authority`
--
ALTER TABLE `authority`
  ADD CONSTRAINT `roles_id` FOREIGN KEY (`role_id`) REFERENCES `role` (`id`),
  ADD CONSTRAINT `user_id` FOREIGN KEY (`user_id`) REFERENCES `user` (`id`);

--
-- Constraints for table `favourite`
--
ALTER TABLE `favourite`
  ADD CONSTRAINT `p_id` FOREIGN KEY (`product_id`) REFERENCES `product` (`id`),
  ADD CONSTRAINT `u_id` FOREIGN KEY (`user_id`) REFERENCES `user` (`id`);

--
-- Constraints for table `feedback`
--
ALTER TABLE `feedback`
  ADD CONSTRAINT `product_id3` FOREIGN KEY (`product_id`) REFERENCES `product` (`id`),
  ADD CONSTRAINT `user_id2` FOREIGN KEY (`user_id`) REFERENCES `user` (`id`);

--
-- Constraints for table `orders`
--
ALTER TABLE `orders`
  ADD CONSTRAINT `product_id` FOREIGN KEY (`product_id`) REFERENCES `product` (`id`),
  ADD CONSTRAINT `user_id3` FOREIGN KEY (`user_id`) REFERENCES `user` (`id`);

--
-- Constraints for table `order_detail`
--
ALTER TABLE `order_detail`
  ADD CONSTRAINT `order_id` FOREIGN KEY (`order_id`) REFERENCES `orders` (`id`);

--
-- Constraints for table `product`
--
ALTER TABLE `product`
  ADD CONSTRAINT `category_id` FOREIGN KEY (`category_id`) REFERENCES `category` (`id`);

--
-- Constraints for table `product_color`
--
ALTER TABLE `product_color`
  ADD CONSTRAINT `id_color` FOREIGN KEY (`color_id`) REFERENCES `color` (`id`),
  ADD CONSTRAINT `id_product_fk` FOREIGN KEY (`product_id`) REFERENCES `product` (`id`);

--
-- Constraints for table `product_size`
--
ALTER TABLE `product_size`
  ADD CONSTRAINT `id_product` FOREIGN KEY (`id_product`) REFERENCES `product` (`id`),
  ADD CONSTRAINT `id_size` FOREIGN KEY (`id_size`) REFERENCES `size` (`id`);

--
-- Constraints for table `vouchers`
--
ALTER TABLE `vouchers`
  ADD CONSTRAINT `user_id33` FOREIGN KEY (`user_id`) REFERENCES `user` (`id`);
COMMIT;

/*!40101 SET CHARACTER_SET_CLIENT=@OLD_CHARACTER_SET_CLIENT */;
/*!40101 SET CHARACTER_SET_RESULTS=@OLD_CHARACTER_SET_RESULTS */;
/*!40101 SET COLLATION_CONNECTION=@OLD_COLLATION_CONNECTION */;
